ERR1110319_Contig_65126_40.616:1.2525	ERR1121418_Contig_39402_13.0406:1.11432	96.677	632	21	0	2524	629	2524	629	0.0	1404
ERR1110319_Contig_47756_27.9338:1.1560	ERR1136699_Contig_61859_6.85691:1.1900	100.000	519	0	0	3	1559	343	1899	0.0	1119
ERR1110319_Contig_39282_9.61389:1.1517	ERR1136607_Contig_52147_6.08286:1.1601	99.127	458	4	0	1516	143	1374	1	0.0	1081
ERR1110319_Contig_80507_46.5903:1.2334	ERR1121418_Contig_46118_15.2333:1.6052	80.077	778	155	0	1	2334	5793	3460	0.0	1496
ERR1110319_Contig_35504_9.57181:1.1510	ERR1136607_Contig_16164_6.15108:1.2297	99.006	503	5	0	1510	2	1538	30	0.0	1197
ERR1110319_Contig_68949_45.6135:1.2364	ERR1121418_Contig_4968_13.6537:1.5181	95.044	787	39	0	2	2362	2363	3	0.0	1749
ERR1110319_Contig_32342_46.7185:1.3565	ERR1121418_Contig_20012_14.0133:1.1523	90.497	463	44	0	2	1390	2	1390	0.0	1029
ERR1110319_Contig_10184_47.1095:1.3801	ERR1121418_Contig_51615_14.0018:1.4006	74.230	877	226	0	3215	585	2633	3	0.0	1440
ERR1110319_Contig_80872_9.77622:1.3233	ERR1136607_Contig_33851_5.41489:1.1565	94.818	521	27	0	863	2425	1563	1	0.0	1034
ERR1110319_Contig_71192_9.65527:1.2213	ERR1136699_Contig_58519_12.6717:1.1744	99.288	562	4	0	2155	470	1686	1	0.0	1343
ERR1110319_Contig_71192_9.65527:1.2213	ERR1136607_Contig_30490_5.85734:1.1443	98.571	420	6	0	2	1261	183	1442	0.0	1019
ERR1110319_Contig_73428_42.7029:1.2743	ERR1121418_Contig_16888_12.0298:1.2707	91.228	570	50	0	1032	2741	2707	998	0.0	1268
ERR1110319_Contig_9369_10.9604:1.1914	ERR1121433_Contig_36052_14.0194:1.3318	96.568	437	15	0	1913	603	1312	2	0.0	1016
ERR1110319_Contig_48854_9.17173:1.3805	ERR1136607_Contig_53035_5.44715:1.1742	99.655	580	2	0	1872	133	1742	3	0.0	1426
ERR1121393_Contig_5763_22.6461:1.2679	ERR1121433_Contig_3035_7.28256:1.1425	100.000	474	0	0	1565	144	1424	3	0.0	1131
ERR1121393_Contig_25184_16.8556:1.1537	ERR1136613_Contig_58417_5.17371:1.1488	100.000	479	0	0	62	1498	52	1488	0.0	1087
ERR1121393_Contig_25933_10.4092:1.3297	ERR1121433_Contig_20787_19.3725:1.1596	99.805	514	1	0	2699	1158	55	1596	0.0	1227
ERR1121393_Contig_21140_14.5676:1.4964	ERR1121418_Contig_26238_13.0332:1.1799	98.899	454	5	0	3333	4694	438	1799	0.0	1136
ERR1121393_Contig_7091_23.8585:1.2147	ERR1121418_Contig_6002_25.5673:1.1610	99.250	533	4	0	2146	548	1600	2	0.0	1280
ERR1121393_Contig_49036_16.1847:1.1910	ERR1136610_Contig_48804_4.90239:1.1485	100.000	494	0	0	1484	3	1485	4	0.0	1067
ERR1121393_Contig_13937_12.157:1.1415	ERR1121433_Contig_49185_22.3861:1.1416	100.000	471	0	0	3	1415	4	1416	0.0	1125
ERR1121393_Contig_44718_11.7458:1.1609	ERR1121433_Contig_53101_23.1329:1.3699	99.254	536	4	0	1609	2	3237	1630	0.0	1292
ERR1121393_Contig_20934_8.38196:1.1439	ERR1121433_Contig_34728_12.9454:1.1449	99.582	479	2	0	1438	2	1438	2	0.0	1163
ERR1121393_Contig_20934_8.38196:1.1439	ERR1136699_Contig_113187_8.21997:1.1602	99.572	467	2	0	1402	2	1600	200	0.0	1135
ERR1121418_Contig_25115_15.3791:1.1806	ERR1121433_Contig_33467_31.3727:1.2389	100.000	601	0	0	3	1805	2020	218	0.0	1454
ERR1121418_Contig_4968_13.6537:1.5181	ERR1110319_Contig_68949_45.6135:1.2364	95.044	787	39	0	2363	3	2	2362	0.0	1773
ERR1121418_Contig_20012_14.0133:1.1523	ERR1110319_Contig_32342_46.7185:1.3565	90.497	463	44	0	2	1390	2	1390	0.0	1029
ERR1121418_Contig_6439_15.558:1.2909	ERR1121433_Contig_41598_33.7875:1.2053	100.000	636	0	0	2087	180	2053	146	0.0	1353
ERR1121418_Contig_23004_14.6828:1.2968	ERR1121433_Contig_37467_29.6247:1.3732	99.669	605	2	0	1054	2868	1818	3632	0.0	1410
ERR1121418_Contig_51615_14.0018:1.4006	ERR1110319_Contig_10184_47.1095:1.3801	95.910	709	29	0	3	2129	585	2711	0.0	1528
ERR1121418_Contig_16888_12.0298:1.2707	ERR1110319_Contig_73428_42.7029:1.2743	91.228	570	50	0	2707	998	1032	2741	0.0	1268
ERR1121418_Contig_40459_18.9521:1.6298	ERR1121433_Contig_11469_31.4059:1.6297	100.000	1988	0	0	2	5965	1	5964	0.0	4646
ERR1121418_Contig_26844_12.6673:1.2031	ERR1121433_Contig_43854_25.0911:1.2742	100.000	677	0	0	2031	1	2031	1	0.0	1610
ERR1121418_Contig_46118_15.2333:1.6052	ERR1110319_Contig_80507_46.5903:1.2334	87.234	611	78	0	5793	3961	1	1833	0.0	1295
ERR1121418_Contig_26238_13.0332:1.1799	ERR1121393_Contig_21140_14.5676:1.4964	98.899	454	5	0	438	1799	3333	4694	0.0	1136
ERR1121418_Contig_38436_16.1649:1.3349	ERR1121433_Contig_61768_28.2763:1.3350	99.515	824	4	0	3348	877	3349	878	0.0	1964
ERR1121418_Contig_39402_13.0406:1.11432	ERR1110319_Contig_65126_40.616:1.2525	96.677	632	21	0	2524	629	2524	629	0.0	1404
ERR1121418_Contig_6002_25.5673:1.1610	ERR1121393_Contig_7091_23.8585:1.2147	99.250	533	4	0	1600	2	2146	548	0.0	1280
ERR1121418_Contig_39658_22.6879:1.3218	ERR1121433_Contig_33782_39.8754:1.3415	100.000	724	0	0	2173	2	1	2172	0.0	1717
ERR1121418_Contig_39658_22.6879:1.3218	ERR1136613_Contig_69096_6.10284:1.1994	92.568	444	33	0	1933	602	1992	661	0.0	1005
ERR1121418_Contig_25433_6.09277:1.1583	ERR1136607_Contig_32774_5.59624:1.1880	95.842	505	21	0	1581	67	1519	5	0.0	1164
ERR1121418_Contig_40878_22.3251:1.3573	ERR1121433_Contig_21384_41.6546:1.1601	100.000	533	0	0	1244	2842	2	1600	0.0	1262
ERR1121418_Contig_14737_15.05:1.2718	ERR1121433_Contig_45733_29.0113:1.2841	100.000	628	0	0	2515	632	1886	3	0.0	1569
ERR1121418_Contig_43189_6.02741:1.2136	ERR1121433_Contig_69917_6.70503:1.2149	99.822	563	1	0	448	2136	448	2136	0.0	1302
ERR1121418_Contig_43189_6.02741:1.2136	ERR1136607_Contig_28857_6.05289:1.1627	99.806	515	1	0	448	1992	81	1625	0.0	1193
ERR1121418_Contig_48376_13.3187:1.1956	ERR1121433_Contig_48115_24.2751:1.1932	100.000	643	0	0	26	1954	2	1930	0.0	1558
ERR1121433_Contig_61768_28.2763:1.3350	ERR1121418_Contig_38436_16.1649:1.3349	99.515	824	4	0	3349	878	3348	877	0.0	2005
ERR1121433_Contig_11469_31.4059:1.6297	ERR1121418_Contig_40459_18.9521:1.6298	100.000	1988	0	0	1	5964	2	5965	0.0	4646
ERR1121433_Contig_66568_6.29492:1.1634	ERR1136610_Contig_14047_7.84383:1.1973	99.265	544	4	0	2	1633	340	1971	0.0	1139
ERR1121433_Contig_21384_41.6546:1.1601	ERR1121418_Contig_40878_22.3251:1.3573	100.000	533	0	0	2	1600	1244	2842	0.0	1262
ERR1121433_Contig_33782_39.8754:1.3415	ERR1121418_Contig_39658_22.6879:1.3218	100.000	724	0	0	1	2172	2173	2	0.0	1717
ERR1121433_Contig_33782_39.8754:1.3415	ERR1136613_Contig_69096_6.10284:1.1994	92.568	444	33	0	241	1572	1992	661	0.0	1005
ERR1121433_Contig_37467_29.6247:1.3732	ERR1121418_Contig_23004_14.6828:1.2968	99.669	605	2	0	1818	3632	1054	2868	0.0	1410
ERR1121433_Contig_53101_23.1329:1.3699	ERR1121393_Contig_44718_11.7458:1.1609	99.251	534	4	0	3237	1636	1609	8	0.0	1288
ERR1121433_Contig_34728_12.9454:1.1449	ERR1121393_Contig_20934_8.38196:1.1439	99.582	479	2	0	1438	2	1438	2	0.0	1163
ERR1121433_Contig_34728_12.9454:1.1449	ERR1136699_Contig_113187_8.21997:1.1602	100.000	467	0	0	1402	2	1600	200	0.0	1140
ERR1121433_Contig_41598_33.7875:1.2053	ERR1121418_Contig_6439_15.558:1.2909	100.000	636	0	0	2053	146	2087	180	0.0	1353
ERR1121433_Contig_48115_24.2751:1.1932	ERR1121418_Contig_48376_13.3187:1.1956	100.000	643	0	0	2	1930	26	1954	0.0	1558
ERR1121433_Contig_78891_9.47107:1.2077	ERR1136699_Contig_57100_20.1179:1.3547	100.000	691	0	0	2075	3	2972	900	0.0	1605
ERR1121433_Contig_6587_7.28063:1.1677	ERR1136610_Contig_3680_9.0625:1.1636	98.532	545	8	0	1636	2	1636	2	0.0	1275
ERR1121433_Contig_34315_10.6298:1.3418	ERR1136699_Contig_34925_23.5035:1.2697	96.610	472	16	0	2814	1399	1422	7	0.0	1047
ERR1121433_Contig_20787_19.3725:1.1596	ERR1121393_Contig_25933_10.4092:1.3297	99.812	532	1	0	1	1596	2753	1158	0.0	1238
ERR1121433_Contig_33467_31.3727:1.2389	ERR1121418_Contig_25115_15.3791:1.1806	100.000	598	0	0	2020	227	3	1796	0.0	1447
ERR1121433_Contig_41751_6.23527:1.2090	ERR1136610_Contig_2371_7.70833:1.3524	97.989	696	14	0	2090	3	113	2200	0.0	1599
ERR1121433_Contig_7794_6.39514:1.2819	ERR1136610_Contig_23510_8.93773:1.3007	97.544	733	18	0	619	2817	708	2906	0.0	1618
ERR1121433_Contig_45733_29.0113:1.2841	ERR1121418_Contig_14737_15.05:1.2718	100.000	628	0	0	1886	3	2515	632	0.0	1569
ERR1121433_Contig_85174_7.01671:1.1755	ERR1136610_Contig_10889_8.5468:1.2723	96.552	522	18	0	1754	189	1765	200	0.0	1154
ERR1121433_Contig_43854_25.0911:1.2742	ERR1121418_Contig_26844_12.6673:1.2031	100.000	677	0	0	2031	1	2031	1	0.0	1610
ERR1121433_Contig_52403_23.5096:1.1794	ERR1121393_Contig_13728_11.997:1.1711	99.394	495	3	0	3	1487	225	1709	0.0	1030
ERR1121433_Contig_49185_22.3861:1.1416	ERR1121393_Contig_13937_12.157:1.1415	100.000	471	0	0	4	1416	3	1415	0.0	1125
ERR1121433_Contig_36052_14.0194:1.3318	ERR1110319_Contig_9369_10.9604:1.1914	96.568	437	15	0	1312	2	1913	603	0.0	1016
ERR1121433_Contig_15337_6.69801:1.1328	ERR1136610_Contig_38476_11.788:1.3237	100.000	442	0	0	2	1327	2300	975	0.0	1080
ERR1121433_Contig_55470_10.6752:1.3379	ERR1136699_Contig_72806_6.81743:1.2912	99.708	686	2	0	2	2059	855	2912	0.0	1612
ERR1121433_Contig_5621_7.32836:1.1762	ERR1136610_Contig_19982_8.23207:1.1847	99.798	496	1	0	273	1760	271	1758	0.0	1155
ERR1121433_Contig_82762_10.8568:1.6871	ERR1136699_Contig_3214_6.78768:1.1579	95.817	526	22	0	2868	1291	1	1578	0.0	1230
ERR1121433_Contig_43460_6.81697:1.2353	ERR1136610_Contig_10846_9.36502:1.2524	97.775	764	17	0	1	2292	173	2464	0.0	1736
ERR1121433_Contig_48259_5.58824:1.1550	ERR1136610_Contig_39456_7.90512:1.3909	99.579	475	2	0	1426	2	3893	2469	0.0	1137
ERR1121433_Contig_50975_7.17293:1.1483	ERR1136610_Contig_15986_7.89826:1.2438	92.089	493	39	0	1480	2	2438	960	0.0	1005
ERR1121433_Contig_7261_6.47609:1.2801	ERR1136610_Contig_45481_9.26895:1.2236	98.636	733	10	0	2200	2	2234	36	0.0	1594
ERR1121433_Contig_67350_7.3497:1.1344	ERR1136610_Contig_42349_10.603:1.2433	97.987	447	9	0	3	1343	1	1341	0.0	1019
ERR1121433_Contig_3035_7.28256:1.1425	ERR1121393_Contig_5763_22.6461:1.2679	100.000	474	0	0	1424	3	1565	144	0.0	1131
ERR1121433_Contig_50677_6.89338:1.1380	ERR1136610_Contig_40063_8.2809:1.1533	98.039	459	9	0	3	1379	156	1532	0.0	1033
ERR1121433_Contig_27571_6.06718:1.1568	ERR1136610_Contig_44156_11.5057:1.6055	94.636	522	28	0	1567	2	3589	2024	0.0	1225
ERR1121433_Contig_62825_6.38167:1.1820	ERR1136610_Contig_27881_8.10212:1.2233	94.346	566	32	0	123	1820	3	1700	0.0	1189
ERR1121433_Contig_54243_7.7438:1.1351	ERR1136610_Contig_27339_8.64003:1.7204	99.111	450	4	0	1	1350	5749	7098	0.0	1035
ERR1121433_Contig_31157_6.72659:1.2028	ERR1136610_Contig_22872_8.11343:1.3273	98.551	552	8	0	371	2026	294	1949	0.0	1230
ERR1121433_Contig_13512_5.65714:1.2050	ERR1136610_Contig_8663_7.48414:1.2511	98.881	536	6	0	2048	441	1608	1	0.0	1232
ERR1121433_Contig_9597_7.18166:1.1699	ERR1136610_Contig_15520_7.75982:1.2185	97.318	522	14	0	1694	129	1889	324	0.0	1197
ERR1121433_Contig_66387_7.77839:1.2001	ERR1136610_Contig_44546_8.82874:1.2087	98.852	610	7	0	171	2000	3	1832	0.0	1308
ERR1121433_Contig_69917_6.70503:1.2149	ERR1121418_Contig_43189_6.02741:1.2136	99.818	549	1	0	448	2094	448	2094	0.0	1270
ERR1121433_Contig_69917_6.70503:1.2149	ERR1136607_Contig_28857_6.05289:1.1627	100.000	515	0	0	448	1992	81	1625	0.0	1198
ERR1121433_Contig_19718_5.63416:1.1794	ERR1136610_Contig_3782_7.76423:1.2480	97.175	531	15	0	1	1593	123	1715	0.0	1116
ERR1121433_Contig_56947_7.11754:1.1628	ERR1136610_Contig_33032_8.68716:1.2069	98.770	488	6	0	1	1464	1	1464	0.0	1100
ERR1121433_Contig_5312_5.89715:1.1352	ERR1136610_Contig_27436_7.84211:1.1977	97.778	450	10	0	1352	3	1863	514	0.0	1049
ERR1121433_Contig_61425_6.39754:1.1972	ERR1136610_Contig_42997_7.98189:1.1842	100.000	518	0	0	1972	419	23	1576	0.0	1214
ERR1121433_Contig_16116_6.1802:1.1535	ERR1136610_Contig_31894_8.10424:1.2965	96.471	510	18	0	4	1533	3	1532	0.0	1160
ERR1136607_Contig_8481_33.5837:1.3044	ERR1136663_Contig_9473_11.606:1.1614	97.765	537	12	0	2	1612	2	1612	0.0	1183
ERR1136607_Contig_57439_6.46923:1.1970	ERR1136699_Contig_23302_25.5169:1.2976	96.646	656	22	0	1	1968	786	2753	0.0	1445
ERR1136607_Contig_77998_28.2791:1.2990	ERR1136663_Contig_59049_9.13619:1.3449	98.514	471	7	0	1415	3	3	1415	0.0	1153
ERR1136607_Contig_31219_26.96:1.4690	ERR1136663_Contig_77678_9.23141:1.2172	93.075	722	50	0	4092	1927	6	2171	0.0	1641
ERR1136607_Contig_53035_5.44715:1.1742	ERR1110319_Contig_48854_9.17173:1.3805	99.655	580	2	0	1742	3	1872	133	0.0	1426
ERR1136607_Contig_14599_24.7338:1.2390	ERR1136663_Contig_30244_7.89569:1.2225	95.682	741	32	0	135	2357	2	2224	0.0	1640
ERR1136607_Contig_3663_41.8935:1.3305	ERR1136663_Contig_79321_11.0874:1.1358	98.009	452	9	0	1068	2423	1356	1	0.0	1023
ERR1136607_Contig_59861_4.78643:1.2010	ERR1136699_Contig_61740_24.3923:1.2164	98.524	542	8	0	1915	290	2030	405	0.0	1275
ERR1136607_Contig_59861_4.78643:1.2010	ERR1136663_Contig_61869_5.51929:1.1653	98.403	501	8	0	1792	290	1653	151	0.0	1172
ERR1136607_Contig_71415_34.1325:1.4019	ERR1136663_Contig_36183_10.3722:1.3502	98.207	948	17	0	3568	725	2941	98	0.0	2190
ERR1136607_Contig_33851_5.41489:1.1565	ERR1110319_Contig_80872_9.77622:1.3233	94.818	521	27	0	1564	2	862	2424	0.0	1130
ERR1136607_Contig_32357_5.20762:1.1961	ERR1136699_Contig_45580_28.3173:1.2683	99.046	629	6	0	1961	75	1889	3	0.0	1421
ERR1136607_Contig_10455_6.35517:1.1287	ERR1136699_Contig_55990_24.0028:1.2180	97.430	428	11	0	1286	3	1680	397	0.0	1000
ERR1136607_Contig_74891_5.35141:1.1403	ERR1136699_Contig_13353_27.3635:1.2903	98.073	467	9	0	1403	3	2815	1415	0.0	1106
ERR1136607_Contig_28947_5.16535:1.1665	ERR1136699_Contig_65452_27.1461:1.1649	98.504	468	7	0	260	1663	3	1406	0.0	1068
ERR1136607_Contig_52178_6.63503:1.1516	ERR1136699_Contig_118987_25.0744:1.2250	99.406	505	3	0	2	1516	718	2232	0.0	1171
ERR1136607_Contig_38992_5.32079:1.2492	ERR1136699_Contig_51888_29.1789:1.1462	97.125	487	14	0	394	1854	2	1462	0.0	1110
ERR1136607_Contig_66651_6.07637:1.1696	ERR1136663_Contig_16751_7.16067:1.1800	96.814	565	18	0	1	1695	95	1789	0.0	1266
ERR1136607_Contig_29404_5.10328:1.2305	ERR1136699_Contig_63467_24.6994:1.4840	98.957	767	8	0	3	2303	1084	3384	0.0	1875
ERR1136607_Contig_45242_6.88264:1.1656	ERR1136699_Contig_68849_27.4801:1.1626	99.628	537	2	0	1	1611	16	1626	0.0	1253
ERR1136607_Contig_2794_5.43796:1.1527	ERR1136699_Contig_49683_10.9993:1.1543	98.742	477	6	0	1433	3	1542	112	0.0	1159
ERR1136607_Contig_4859_5.04988:1.1724	ERR1136699_Contig_100406_26.7734:1.2805	97.735	574	13	0	3	1724	523	2244	0.0	1307
ERR1136607_Contig_48984_5.19277:1.1431	ERR1136699_Contig_19058_23.5176:1.1442	95.388	477	22	0	1431	1	2	1432	0.0	1125
ERR1136607_Contig_48984_5.19277:1.1431	ERR1136663_Contig_48913_6.24813:1.2156	94.549	477	26	0	1431	1	3	1433	0.0	1111
ERR1136607_Contig_28857_6.05289:1.1627	ERR1121433_Contig_69917_6.70503:1.2149	100.000	515	0	0	81	1625	448	1992	0.0	1178
ERR1136607_Contig_28857_6.05289:1.1627	ERR1121418_Contig_43189_6.02741:1.2136	99.806	515	1	0	81	1625	448	1992	0.0	1175
ERR1136607_Contig_13410_6.80744:1.1687	ERR1136663_Contig_357_5.58856:1.2346	99.151	471	4	0	274	1686	1	1413	0.0	1089
ERR1136607_Contig_16164_6.15108:1.2297	ERR1110319_Contig_35504_9.57181:1.1510	99.006	503	5	0	1538	30	1510	2	0.0	1197
ERR1136607_Contig_48063_5.83261:1.2774	ERR1136699_Contig_49985_25.4906:1.2360	97.942	583	12	0	124	1872	336	2084	0.0	1238
ERR1136607_Contig_3967_5.53042:1.1762	ERR1110319_Contig_63877_10.8362:1.1418	95.339	472	22	0	307	1722	1418	3	0.0	1012
ERR1136607_Contig_58196_5.64896:1.1601	ERR1136699_Contig_54930_26.3013:1.2941	96.248	533	20	0	1600	2	2534	936	0.0	1137
ERR1136607_Contig_30490_5.85734:1.1443	ERR1110319_Contig_71192_9.65527:1.2213	99.762	420	1	0	1442	183	1261	2	0.0	1020
ERR1136607_Contig_32774_5.59624:1.1880	ERR1121418_Contig_25433_6.09277:1.1583	95.842	505	21	0	1519	5	1581	67	0.0	1164
ERR1136607_Contig_48736_6.53854:1.2031	ERR1136699_Contig_105193_24.0331:1.2380	99.068	429	4	0	745	2031	2380	1094	0.0	1030
ERR1136607_Contig_69166_5.25687:1.2204	ERR1136699_Contig_51904_26.208:1.1847	95.620	548	24	0	1646	3	1723	80	0.0	1179
ERR1136607_Contig_52147_6.08286:1.1601	ERR1110319_Contig_39282_9.61389:1.1517	99.127	458	4	0	1374	1	1516	143	0.0	1081
ERR1136607_Contig_1113_7.13766:1.1313	ERR1136699_Contig_74811_27.263:1.3909	99.771	437	1	0	3	1313	1594	284	0.0	1037
ERR1136610_Contig_10889_8.5468:1.2723	ERR1121433_Contig_85174_7.01671:1.1755	95.365	561	26	0	1694	12	1683	1	0.0	1211
ERR1136610_Contig_27881_8.10212:1.2233	ERR1121433_Contig_62825_6.38167:1.1820	95.483	487	22	0	1699	239	1819	359	0.0	1054
ERR1136610_Contig_44156_11.5057:1.6055	ERR1121433_Contig_27571_6.06718:1.1568	94.636	522	28	0	3589	2024	1567	2	0.0	1225
ERR1136610_Contig_39456_7.90512:1.3909	ERR1121433_Contig_48259_5.58824:1.1550	99.579	475	2	0	3893	2469	1426	2	0.0	1137
ERR1136610_Contig_8663_7.48414:1.2511	ERR1121433_Contig_13512_5.65714:1.2050	98.881	536	6	0	1608	1	2048	441	0.0	1232
ERR1136610_Contig_19982_8.23207:1.1847	ERR1121433_Contig_5621_7.32836:1.1762	99.798	496	1	0	271	1758	273	1760	0.0	1155
ERR1136610_Contig_44546_8.82874:1.2087	ERR1121433_Contig_66387_7.77839:1.2001	98.852	610	7	0	3	1832	171	2000	0.0	1308
ERR1136610_Contig_14047_7.84383:1.1973	ERR1121433_Contig_66568_6.29492:1.1634	99.265	544	4	0	340	1971	2	1633	0.0	1139
ERR1136610_Contig_31894_8.10424:1.2965	ERR1121433_Contig_16116_6.1802:1.1535	96.471	510	18	0	3	1532	4	1533	0.0	1160
ERR1136610_Contig_15520_7.75982:1.2185	ERR1121433_Contig_9597_7.18166:1.1699	97.318	522	14	0	1889	324	1694	129	0.0	1197
ERR1136610_Contig_42349_10.603:1.2433	ERR1121433_Contig_67350_7.3497:1.1344	97.987	447	9	0	1	1341	3	1343	0.0	1019
ERR1136610_Contig_3673_8.91972:1.5314	ERR1121433_Contig_51529_5.9037:1.1318	96.811	439	14	0	777	2093	2	1318	0.0	1014
ERR1136610_Contig_23510_8.93773:1.3007	ERR1121433_Contig_7794_6.39514:1.2819	97.231	939	26	0	90	2906	1	2817	0.0	2075
ERR1136610_Contig_45481_9.26895:1.2236	ERR1121433_Contig_7261_6.47609:1.2801	98.636	733	10	0	2234	36	2200	2	0.0	1624
ERR1136610_Contig_49690_8.51515:1.1604	ERR1136699_Contig_102453_13.1389:1.2475	99.182	489	4	0	137	1603	7	1473	0.0	1120
ERR1136610_Contig_15986_7.89826:1.2438	ERR1121433_Contig_50975_7.17293:1.1483	92.089	493	39	0	2438	960	1480	2	0.0	1040
ERR1136610_Contig_22872_8.11343:1.3273	ERR1121433_Contig_31157_6.72659:1.2028	98.551	552	8	0	294	1949	371	2026	0.0	1230
ERR1136610_Contig_27339_8.64003:1.7204	ERR1121433_Contig_54243_7.7438:1.1351	99.107	448	4	0	5749	7092	1	1344	0.0	1028
ERR1136610_Contig_42997_7.98189:1.1842	ERR1121433_Contig_61425_6.39754:1.1972	100.000	518	0	0	23	1576	1972	419	0.0	1214
ERR1136610_Contig_27436_7.84211:1.1977	ERR1121433_Contig_5312_5.89715:1.1352	97.743	443	10	0	1842	514	1331	3	0.0	1036
ERR1136610_Contig_33032_8.68716:1.2069	ERR1121433_Contig_56947_7.11754:1.1628	98.577	492	7	0	1	1476	1	1476	0.0	1072
ERR1136610_Contig_3782_7.76423:1.2480	ERR1121433_Contig_19718_5.63416:1.1794	97.175	531	15	0	123	1715	1	1593	0.0	1138
ERR1136610_Contig_10846_9.36502:1.2524	ERR1121433_Contig_43460_6.81697:1.2353	97.775	764	17	0	173	2464	1	2292	0.0	1736
ERR1136610_Contig_38476_11.788:1.3237	ERR1121433_Contig_15337_6.69801:1.1328	100.000	442	0	0	2300	975	2	1327	0.0	1080
ERR1136610_Contig_39161_7.77807:1.2282	ERR1121433_Contig_9340_6.44257:1.2449	95.973	447	18	0	1880	540	2394	1054	0.0	1025
ERR1136610_Contig_40063_8.2809:1.1533	ERR1121433_Contig_50677_6.89338:1.1380	98.039	459	9	0	156	1532	3	1379	0.0	1033
ERR1136610_Contig_48804_4.90239:1.1485	ERR1121393_Contig_49036_16.1847:1.1910	100.000	494	0	0	1485	4	1484	3	0.0	1067
ERR1136610_Contig_2371_7.70833:1.3524	ERR1121433_Contig_41751_6.23527:1.2090	97.989	696	14	0	113	2200	2090	3	0.0	1570
ERR1136610_Contig_3680_9.0625:1.1636	ERR1121433_Contig_6587_7.28063:1.1677	98.532	545	8	0	1636	2	1636	2	0.0	1275
ERR1136613_Contig_72292_7.03682:1.2193	ERR1136663_Contig_30978_10.3974:1.3442	95.710	676	29	0	2029	2	1	2028	0.0	1429
ERR1136613_Contig_67653_9.36079:1.1489	ERR1136699_Contig_111686_18.9401:1.1956	100.000	475	0	0	1425	1	1425	1	0.0	1208
ERR1136613_Contig_64309_7.86571:1.2038	ERR1136699_Contig_63478_21.1831:1.1882	99.506	607	3	0	2037	217	1823	3	0.0	1452
ERR1136613_Contig_49195_7.74916:1.1802	ERR1136699_Contig_74314_15.6363:1.2709	100.000	463	0	0	413	1801	27	1415	0.0	1067
ERR1136613_Contig_38613_8.36892:1.1500	ERR1136663_Contig_44908_7.11469:1.1450	96.247	453	17	0	1499	141	91	1449	0.0	1054
ERR1136613_Contig_49952_7.98345:1.2679	ERR1136699_Contig_54570_15.7784:1.1473	99.791	479	1	0	2	1438	35	1471	0.0	1148
ERR1136613_Contig_32680_6.65807:1.1377	ERR1136699_Contig_101014_27.7142:1.5142	99.782	458	1	0	1375	2	2501	3874	0.0	1109
ERR1136613_Contig_58417_5.17371:1.1488	ERR1121393_Contig_25184_16.8556:1.1537	100.000	479	0	0	52	1488	62	1498	0.0	1087
ERR1136613_Contig_69096_6.10284:1.1994	ERR1121433_Contig_33782_39.8754:1.3415	92.568	444	33	0	1992	661	241	1572	0.0	1021
ERR1136613_Contig_69096_6.10284:1.1994	ERR1121418_Contig_39658_22.6879:1.3218	92.568	444	33	0	1992	661	1933	602	0.0	1021
ERR1136663_Contig_37554_6.93894:1.2280	ERR1136699_Contig_103694_20.7313:1.1397	97.403	462	12	0	161	1546	10	1395	0.0	1032
ERR1136663_Contig_30244_7.89569:1.2225	ERR1136607_Contig_14599_24.7338:1.2390	95.682	741	32	0	2	2224	135	2357	0.0	1639
ERR1136663_Contig_215_6.35334:1.2086	ERR1136699_Contig_101910_26.2097:1.3812	97.986	695	14	0	2	2086	1444	3528	0.0	1607
ERR1136663_Contig_44908_7.11469:1.1450	ERR1136613_Contig_38613_8.36892:1.1500	96.247	453	17	0	91	1449	1499	141	0.0	1054
ERR1136663_Contig_6124_5.7613:1.1369	ERR1136699_Contig_68442_26.2467:1.2634	96.053	456	18	0	1368	1	873	2240	0.0	1031
ERR1136663_Contig_76387_6.58032:1.2317	ERR1136699_Contig_102974_28.3609:1.2483	96.806	720	23	0	156	2315	156	2315	0.0	1545
ERR1136663_Contig_84489_5.85192:1.1661	ERR1136699_Contig_36661_21.8146:1.1374	98.423	444	7	0	1333	2	1373	42	0.0	1038
ERR1136663_Contig_1608_6.2278:1.2531	ERR1136699_Contig_48628_21.8695:1.2358	96.544	463	16	0	1143	2531	712	2100	0.0	1037
ERR1136663_Contig_60413_6.26326:1.2075	ERR1136699_Contig_70979_28.9361:1.2304	97.974	543	11	0	1805	177	2304	676	0.0	1177
ERR1136663_Contig_36183_10.3722:1.3502	ERR1136607_Contig_71415_34.1325:1.4019	98.053	719	14	0	2941	785	3568	1412	0.0	1666
ERR1136663_Contig_4046_7.04641:1.1636	ERR1136699_Contig_118040_25.1947:1.2527	98.319	476	8	0	1513	86	1429	2	0.0	1056
ERR1136663_Contig_30978_10.3974:1.3442	ERR1136613_Contig_72292_7.03682:1.2193	97.633	676	16	0	2028	1	2	2029	0.0	1510
ERR1136663_Contig_48913_6.24813:1.2156	ERR1136699_Contig_19058_23.5176:1.1442	96.250	480	18	0	3	1442	2	1441	0.0	1145
ERR1136663_Contig_48913_6.24813:1.2156	ERR1136607_Contig_48984_5.19277:1.1431	94.549	477	26	0	3	1433	1431	1	0.0	1111
ERR1136663_Contig_77678_9.23141:1.2172	ERR1136607_Contig_31219_26.96:1.4690	93.075	722	50	0	6	2171	4092	1927	0.0	1668
ERR1136663_Contig_36794_5.91156:1.1716	ERR1136699_Contig_72358_22.8154:1.2826	99.546	441	2	0	2	1324	1504	2826	0.0	1018
ERR1136663_Contig_971_5.68222:1.2292	ERR1136699_Contig_107167_26.6127:1.5253	98.328	598	10	0	497	2290	1	1794	0.0	1372
ERR1136663_Contig_29874_6.23471:1.1737	ERR1136699_Contig_55174_30.1829:1.2109	97.275	477	13	0	1737	307	1432	2	0.0	1101
ERR1136663_Contig_5051_5.75769:1.2587	ERR1136699_Contig_2374_27.934:1.2749	96.567	466	16	0	1400	3	1401	4	0.0	1068
ERR1136663_Contig_4348_6.10482:1.1909	ERR1136699_Contig_75336_23.6442:1.1715	98.949	571	6	0	169	1881	1	1713	0.0	1286
ERR1136663_Contig_66983_5.74971:1.1762	ERR1136699_Contig_6250_26.1382:1.4124	98.542	480	7	0	1663	224	2379	940	0.0	1049
ERR1136663_Contig_59049_9.13619:1.3449	ERR1136607_Contig_77998_28.2791:1.2990	98.514	471	7	0	3	1415	1415	3	0.0	1153
ERR1136663_Contig_52620_6.09445:1.1534	ERR1136699_Contig_105711_24.9962:1.6326	95.108	511	25	0	1	1533	4980	3448	0.0	1158
ERR1136663_Contig_79321_11.0874:1.1358	ERR1136607_Contig_3663_41.8935:1.3305	98.009	452	9	0	1356	1	1068	2423	0.0	1023
ERR1136663_Contig_16751_7.16067:1.1800	ERR1136607_Contig_66651_6.07637:1.1696	96.814	565	18	0	95	1789	1	1695	0.0	1281
ERR1136663_Contig_41066_7.37825:1.1482	ERR1136699_Contig_75572_27.6126:1.3716	97.368	494	13	0	1	1482	1661	3142	0.0	1021
ERR1136663_Contig_69330_5.82983:1.1589	ERR1136699_Contig_55990_24.0028:1.2180	99.190	494	4	0	2	1483	166	1647	0.0	1154
ERR1136663_Contig_52942_6.19776:1.1446	ERR1136699_Contig_33520_24.0814:1.4039	99.170	482	4	0	1	1446	2339	3784	0.0	1104
ERR1136663_Contig_9895_6.78667:1.1295	ERR1136699_Contig_65614_27.0423:1.3280	99.072	431	4	0	1295	3	3280	1988	0.0	1065
ERR1136663_Contig_61869_5.51929:1.1653	ERR1136699_Contig_61740_24.3923:1.2164	97.913	527	11	0	1653	73	1907	327	0.0	1234
ERR1136663_Contig_61869_5.51929:1.1653	ERR1136607_Contig_59861_4.78643:1.2010	95.753	518	22	0	1653	100	1792	239	0.0	1172
ERR1136663_Contig_18343_6.10774:1.1403	ERR1136699_Contig_44898_27.666:1.1439	97.859	467	10	0	1401	1	1439	39	0.0	1090
ERR1136663_Contig_81389_6.13696:1.1619	ERR1136699_Contig_72148_25.2731:1.3974	99.211	507	4	0	97	1617	2	1522	0.0	1232
ERR1136663_Contig_21968_6.51412:1.1720	ERR1136699_Contig_63467_24.6994:1.4840	98.953	573	6	0	1720	2	250	1968	0.0	1390
ERR1136699_Contig_107167_26.6127:1.5253	ERR1136663_Contig_971_5.68222:1.2292	97.492	598	15	0	1794	1	2290	497	0.0	1300
ERR1136699_Contig_100406_26.7734:1.2805	ERR1136607_Contig_4859_5.04988:1.1724	97.909	574	12	0	521	2242	1	1722	0.0	1290
ERR1136699_Contig_18937_27.1715:1.2662	ERR1136663_Contig_64784_6.2336:1.1621	97.787	497	11	0	2126	636	1621	131	0.0	1021
ERR1136699_Contig_23302_25.5169:1.2976	ERR1136607_Contig_57439_6.46923:1.1970	96.646	656	22	0	786	2753	1	1968	0.0	1439
ERR1136699_Contig_74811_27.263:1.3909	ERR1136607_Contig_1113_7.13766:1.1313	99.771	437	1	0	1594	284	3	1313	0.0	1037
ERR1136699_Contig_49985_25.4906:1.2360	ERR1136607_Contig_48063_5.83261:1.2774	97.949	585	12	0	330	2084	118	1872	0.0	1272
ERR1136699_Contig_13353_27.3635:1.2903	ERR1136607_Contig_74891_5.35141:1.1403	98.073	467	9	0	2815	1415	1403	3	0.0	1106
ERR1136699_Contig_6250_26.1382:1.4124	ERR1136663_Contig_66983_5.74971:1.1762	98.542	480	7	0	2379	940	1663	224	0.0	1049
ERR1136699_Contig_105711_24.9962:1.6326	ERR1136663_Contig_52620_6.09445:1.1534	95.108	511	25	0	4980	3448	1	1533	0.0	1178
ERR1136699_Contig_55990_24.0028:1.2180	ERR1136663_Contig_69330_5.82983:1.1589	99.190	494	4	0	166	1647	2	1483	0.0	1128
ERR1136699_Contig_101910_26.2097:1.3812	ERR1136663_Contig_215_6.35334:1.2086	96.336	464	17	0	2836	1445	1394	3	0.0	1013
ERR1136699_Contig_101014_27.7142:1.5142	ERR1136613_Contig_32680_6.65807:1.1377	99.782	458	1	0	2501	3874	1375	2	0.0	1109
ERR1136699_Contig_55174_30.1829:1.2109	ERR1136663_Contig_29874_6.23471:1.1737	97.275	477	13	0	1432	2	1737	307	0.0	1101
ERR1136699_Contig_34925_23.5035:1.2697	ERR1121433_Contig_34315_10.6298:1.3418	96.610	472	16	0	1422	7	2814	1399	0.0	1068
ERR1136699_Contig_118040_25.1947:1.2527	ERR1136663_Contig_4046_7.04641:1.1636	98.319	476	8	0	1429	2	1513	86	0.0	1056
ERR1136699_Contig_65614_27.0423:1.3280	ERR1136663_Contig_9895_6.78667:1.1295	99.072	431	4	0	3280	1988	1295	3	0.0	1065
ERR1136699_Contig_49683_10.9993:1.1543	ERR1136607_Contig_2794_5.43796:1.1527	98.952	477	5	0	111	1541	2	1432	0.0	1164
ERR1136699_Contig_2374_27.934:1.2749	ERR1136663_Contig_5051_5.75769:1.2587	93.991	466	28	0	4	1401	3	1400	0.0	1060
ERR1136699_Contig_68849_27.4801:1.1626	ERR1136607_Contig_45242_6.88264:1.1656	99.628	537	2	0	16	1626	1	1611	0.0	1253
ERR1136699_Contig_33520_24.0814:1.4039	ERR1136663_Contig_52942_6.19776:1.1446	99.170	482	4	0	2339	3784	1	1446	0.0	1113
ERR1136699_Contig_45580_28.3173:1.2683	ERR1136607_Contig_32357_5.20762:1.1961	99.046	629	6	0	1889	3	1961	75	0.0	1421
ERR1136699_Contig_51888_29.1789:1.1462	ERR1136607_Contig_38992_5.32079:1.2492	97.125	487	14	0	2	1462	394	1854	0.0	1116
ERR1136699_Contig_75572_27.6126:1.3716	ERR1136663_Contig_41066_7.37825:1.1482	97.368	494	13	0	1661	3142	1	1482	0.0	1056
ERR1136699_Contig_72358_22.8154:1.2826	ERR1136663_Contig_36794_5.91156:1.1716	99.546	441	2	0	1504	2826	2	1324	0.0	1021
ERR1136699_Contig_102974_28.3609:1.2483	ERR1136663_Contig_76387_6.58032:1.2317	96.806	720	23	0	156	2315	156	2315	0.0	1531
ERR1136699_Contig_65452_27.1461:1.1649	ERR1136607_Contig_28947_5.16535:1.1665	98.504	468	7	0	3	1406	260	1663	0.0	1070
ERR1136699_Contig_111686_18.9401:1.1956	ERR1136613_Contig_67653_9.36079:1.1489	100.000	475	0	0	1425	1	1425	1	0.0	1208
ERR1136699_Contig_103694_20.7313:1.1397	ERR1136663_Contig_37554_6.93894:1.2280	97.419	465	12	0	1	1395	152	1546	0.0	1036
ERR1136699_Contig_105193_24.0331:1.2380	ERR1136663_Contig_9236_7.25098:1.2064	96.943	687	21	0	2224	164	2062	2	0.0	1572
ERR1136699_Contig_105193_24.0331:1.2380	ERR1136607_Contig_48736_6.53854:1.2031	99.068	429	4	0	2380	1094	745	2031	0.0	1030
ERR1136699_Contig_63467_24.6994:1.4840	ERR1136607_Contig_29404_5.10328:1.2305	98.957	767	8	0	1084	3384	3	2303	0.0	1864
ERR1136699_Contig_63467_24.6994:1.4840	ERR1136663_Contig_21968_6.51412:1.1720	98.953	573	6	0	250	1968	1720	2	0.0	1378
ERR1136699_Contig_51904_26.208:1.1847	ERR1136607_Contig_69166_5.25687:1.2204	95.620	548	24	0	1723	80	1646	3	0.0	1179
ERR1136699_Contig_30995_26.6904:1.3234	ERR1136607_Contig_38183_5.58535:1.1713	95.680	463	20	0	224	1612	1391	3	0.0	1012
ERR1136699_Contig_48628_21.8695:1.2358	ERR1136663_Contig_1608_6.2278:1.2531	98.876	445	5	0	3	1337	434	1768	0.0	1017
ERR1136699_Contig_70979_28.9361:1.2304	ERR1136663_Contig_60413_6.26326:1.2075	96.745	553	18	0	644	2302	145	1803	0.0	1238
ERR1136699_Contig_19058_23.5176:1.1442	ERR1136663_Contig_48913_6.24813:1.2156	96.250	480	18	0	2	1441	3	1442	0.0	1145
ERR1136699_Contig_19058_23.5176:1.1442	ERR1136607_Contig_48984_5.19277:1.1431	95.388	477	22	0	2	1432	1431	1	0.0	1125
ERR1136699_Contig_113187_8.21997:1.1602	ERR1121433_Contig_34728_12.9454:1.1449	100.000	467	0	0	1600	200	1402	2	0.0	1140
ERR1136699_Contig_113187_8.21997:1.1602	ERR1121393_Contig_20934_8.38196:1.1439	99.572	467	2	0	1600	200	1402	2	0.0	1135
ERR1136699_Contig_61740_24.3923:1.2164	ERR1136607_Contig_59861_4.78643:1.2010	98.524	542	8	0	2030	405	1915	290	0.0	1275
ERR1136699_Contig_61740_24.3923:1.2164	ERR1136663_Contig_61869_5.51929:1.1653	99.234	522	4	0	342	1907	88	1653	0.0	1196
ERR1136699_Contig_75336_23.6442:1.1715	ERR1136663_Contig_4348_6.10482:1.1909	98.949	571	6	0	1	1713	169	1881	0.0	1288
ERR1136699_Contig_72148_25.2731:1.3974	ERR1136663_Contig_81389_6.13696:1.1619	99.211	507	4	0	2	1522	97	1617	0.0	1232
ERR1136699_Contig_3214_6.78768:1.1579	ERR1121433_Contig_82762_10.8568:1.6871	95.817	526	22	0	1	1578	2868	1291	0.0	1230
ERR1136699_Contig_102453_13.1389:1.2475	ERR1136610_Contig_49690_8.51515:1.1604	99.182	489	4	0	6	1472	136	1602	0.0	1118
ERR1136699_Contig_51961_25.5563:1.1735	ERR1136663_Contig_71183_6.18585:1.2140	97.826	460	10	0	1382	3	1541	162	0.0	1025
ERR1136699_Contig_44898_27.666:1.1439	ERR1136663_Contig_18343_6.10774:1.1403	97.859	467	10	0	1439	39	1401	1	0.0	1090
ERR1136699_Contig_54930_26.3013:1.2941	ERR1136607_Contig_58196_5.64896:1.1601	95.265	528	25	0	950	2533	16	1599	0.0	1172
ERR1136699_Contig_118987_25.0744:1.2250	ERR1136607_Contig_52178_6.63503:1.1516	99.406	505	3	0	718	2232	2	1516	0.0	1171
ERR1136699_Contig_74314_15.6363:1.2709	ERR1136613_Contig_49195_7.74916:1.1802	100.000	471	0	0	3	1415	389	1801	0.0	1084
ERR1136699_Contig_68442_26.2467:1.2634	ERR1136663_Contig_6124_5.7613:1.1369	96.053	456	18	0	873	2240	1368	1	0.0	1031
ERR1136699_Contig_58519_12.6717:1.1744	ERR1110319_Contig_71192_9.65527:1.2213	99.288	562	4	0	1686	1	2155	470	0.0	1343
ERR1136699_Contig_72806_6.81743:1.2912	ERR1121433_Contig_55470_10.6752:1.3379	99.708	686	2	0	855	2912	2	2059	0.0	1612
ERR1136699_Contig_57100_20.1179:1.3547	ERR1121433_Contig_78891_9.47107:1.2077	100.000	691	0	0	2972	900	2075	3	0.0	1607
ERR1136699_Contig_63478_21.1831:1.1882	ERR1136613_Contig_64309_7.86571:1.2038	99.506	607	3	0	1823	3	2037	217	0.0	1452
ERR1136699_Contig_36661_21.8146:1.1374	ERR1136663_Contig_84489_5.85192:1.1661	98.423	444	7	0	1373	42	1333	2	0.0	1038
ERR1136699_Contig_54570_15.7784:1.1473	ERR1136613_Contig_49952_7.98345:1.2679	99.791	479	1	0	35	1471	2	1438	0.0	1119
ERR1136699_Contig_61859_6.85691:1.1900	ERR1110319_Contig_47756_27.9338:1.1560	100.000	519	0	0	343	1899	3	1559	0.0	1119
