ERR1110319_Contig_37216_12.7498:1.1359	ERR1110319_Contig_82436_9.447:1.1369	62.209	172	65	0	9	524	730	215	8.86e-87	270
ERR1110319_Contig_39576_28.3082:1.2032	ERR1110319_Contig_758_22.5523:1.2238	54.839	31	14	0	10	102	60	152	2.99e-22	56.0
ERR1110319_Contig_51967_48.8511:1.1545	ERR1121418_Contig_50762_14.2059:1.4789	96.417	307	11	0	587	1507	534	1454	0.0	658
ERR1110319_Contig_48795_30.9467:1.1277	ERR1110319_Contig_59172_5.03562:1.1171	30.303	66	46	0	621	424	70	267	2.82e-07	51.5
ERR1110319_Contig_62743_51.4489:1.1586	ERR1136663_Contig_17787_5.58077:1.1091	99.714	350	1	0	537	1586	3	1052	0.0	743
ERR1110319_Contig_81626_47.0891:1.1603	ERR1110319_Contig_7453_42.4931:1.2129	56.000	50	22	0	1407	1556	37	186	5.16e-07	51.0
ERR1110319_Contig_50129_53.7668:1.4231	ERR1110319_Contig_82259_23.3408:1.3479	33.784	74	49	0	3414	3193	1430	1209	8.32e-25	58.3
ERR1110319_Contig_50129_53.7668:1.4231	ERR1110319_Contig_67924_58.9113:1.1744	40.351	57	34	0	2066	1896	1260	1430	1.22e-08	57.9
ERR1110319_Contig_46206_23.9922:1.1294	ERR1110319_Contig_56576_6.89756:1.1455	53.165	79	37	0	9	245	404	640	7.27e-41	106
ERR1110319_Contig_7453_42.4931:1.2129	ERR1110319_Contig_81626_47.0891:1.1603	56.000	50	22	0	37	186	1407	1556	1.46e-14	76.5
ERR1110319_Contig_79712_64.1447:1.2390	ERR1110319_Contig_7904_60.8357:1.2327	56.881	109	47	0	1324	1650	3	329	7.20e-51	160
ERR1110319_Contig_79712_64.1447:1.2390	ERR1110319_Contig_44085_62.2377:1.1968	44.565	92	51	0	1369	1644	1705	1430	3.29e-24	108
ERR1110319_Contig_67924_58.9113:1.1744	ERR1110319_Contig_50129_53.7668:1.4231	40.351	57	34	0	1260	1430	2066	1896	4.82e-09	57.9
ERR1110319_Contig_87254_10.4436:1.1713	ERR1136663_Contig_33788_9.04038:1.2249	23.404	141	108	0	844	422	1544	1966	2.79e-19	72.5
ERR1110319_Contig_87254_10.4436:1.1713	ERR1136663_Contig_24803_8.13457:1.2606	32.099	81	55	0	826	584	1930	2172	3.45e-17	57.0
ERR1110319_Contig_87254_10.4436:1.1713	ERR1136663_Contig_13601_8.38095:1.1259	33.673	98	65	0	736	443	744	1037	2.71e-14	75.3
ERR1110319_Contig_48564_48.4229:1.3912	ERR1121418_Contig_49769_15.4054:1.2001	80.909	110	21	0	2459	2788	699	1028	0.0	234
ERR1110319_Contig_48564_48.4229:1.3912	ERR1121418_Contig_18126_15.9303:1.1626	87.085	271	35	0	3	815	814	1626	4.29e-161	564
ERR1110319_Contig_9619_47.8807:1.2115	ERR1136663_Contig_5810_5.97317:1.1921	43.182	44	25	0	1141	1272	1778	1909	9.44e-08	53.9
ERR1110319_Contig_74053_8.22585:1.1366	ERR1136607_Contig_52705_5.02464:1.1116	47.887	71	37	0	1346	1134	974	762	2.36e-17	84.5
ERR1110319_Contig_41976_45.164:1.1252	ERR1136663_Contig_8468_8.16594:1.2075	27.848	79	57	0	142	378	196	432	6.10e-21	62.5
ERR1110319_Contig_67108_50.7195:1.1125	ERR1136663_Contig_2440_6.9523:1.1718	61.538	143	55	0	570	998	2	430	2.35e-62	234
ERR1110319_Contig_54643_60.2216:1.1112	ERR1110319_Contig_55759_56.7831:1.3506	46.296	54	29	0	520	359	1962	2123	6.54e-07	50.1
ERR1110319_Contig_6435_48.9668:1.1284	ERR1121418_Contig_4645_15.0147:1.3364	87.531	401	50	0	1	1203	2053	3255	0.0	798
ERR1110319_Contig_55759_56.7831:1.3506	ERR1110319_Contig_54643_60.2216:1.1112	40.000	70	42	0	1914	2123	568	359	1.18e-06	51.0
ERR1110319_Contig_74365_45.3897:1.1801	ERR1136663_Contig_67446_34.9656:1.5928	24.576	118	89	0	1021	1374	788	435	5.86e-11	52.2
ERR1110319_Contig_42926_43.7437:1.1815	ERR1110319_Contig_7453_42.4931:1.2129	36.364	55	35	0	381	545	1801	1965	3.89e-13	50.2
ERR1110319_Contig_42926_43.7437:1.1815	ERR1110319_Contig_49262_8.96622:1.2536	52.174	46	22	0	315	452	1442	1579	6.70e-12	59.0
ERR1110319_Contig_82839_7.92415:1.2881	ERR1136610_Contig_44087_7.76426:1.1458	52.381	42	20	0	1137	1012	26	151	5.84e-10	53.9
ERR1110319_Contig_50100_25.7923:1.1532	ERR1110319_Contig_38019_23.4583:1.1338	61.111	216	84	0	848	1495	587	1234	3.24e-125	315
ERR1110319_Contig_85201_56.7172:1.1102	ERR1136663_Contig_9321_5.77074:1.1551	36.782	87	55	0	177	437	159	419	3.95e-15	77.4
ERR1110319_Contig_39694_52.9829:1.1130	ERR1136663_Contig_29984_7.08301:1.1056	61.714	175	67	0	526	1050	3	527	1.47e-72	268
ERR1110319_Contig_55282_5.92213:1.1317	ERR1110319_Contig_68629_6.4134:1.1065	46.429	84	45	0	7	258	535	786	1.69e-18	88.9
ERR1110319_Contig_56576_6.89756:1.1455	ERR1110319_Contig_46206_23.9922:1.1294	53.165	79	37	0	404	640	9	245	7.40e-42	108
ERR1110319_Contig_56576_6.89756:1.1455	ERR1110319_Contig_80360_23.6311:1.1004	52.830	53	25	0	1	159	442	284	1.23e-14	74.4
ERR1110319_Contig_70495_24.98:1.1268	ERR1110319_Contig_70066_30.8338:1.1085	32.857	70	47	0	196	405	1017	808	1.67e-08	55.6
ERR1110319_Contig_83429_47.4794:1.1843	ERR1121418_Contig_51103_14.5327:1.1871	83.636	220	36	0	663	4	1035	1694	0.0	470
ERR1110319_Contig_44085_62.2377:1.1968	ERR1110319_Contig_7904_60.8357:1.2327	41.558	154	90	0	1789	1328	1127	1588	2.68e-32	135
ERR1110319_Contig_44085_62.2377:1.1968	ERR1110319_Contig_79712_64.1447:1.2390	44.565	92	51	0	1705	1430	1369	1644	2.69e-24	108
ERR1110319_Contig_5221_6.87416:1.1355	ERR1136663_Contig_42547_7.96685:1.2041	52.273	132	63	0	669	1064	396	1	4.79e-74	173
ERR1110319_Contig_34778_7.63859:1.1243	ERR1110319_Contig_56494_25.3256:1.1528	29.032	62	44	0	238	53	190	5	3.13e-09	52.4
ERR1110319_Contig_80360_23.6311:1.1004	ERR1110319_Contig_56576_6.89756:1.1455	52.830	53	25	0	442	284	1	159	7.97e-15	74.4
ERR1110319_Contig_85384_61.7905:1.1963	ERR1110319_Contig_34923_24.0744:1.1203	34.653	101	66	0	930	628	313	11	1.49e-19	74.4
ERR1110319_Contig_69601_61.6514:1.2240	ERR1110319_Contig_34923_24.0744:1.1203	48.077	52	27	0	541	696	692	537	2.85e-45	73.0
ERR1110319_Contig_73858_7.48194:1.1238	ERR1136663_Contig_81816_5.07206:1.1713	53.659	41	19	0	861	983	249	371	4.78e-08	50.8
ERR1110319_Contig_83353_9.82095:1.3142	ERR1110319_Contig_79153_16.8593:1.1598	39.914	233	140	0	1385	2083	733	35	1.04e-70	209
ERR1110319_Contig_83353_9.82095:1.3142	ERR1136613_Contig_40073_9.18004:1.1092	43.243	74	42	0	436	657	871	1092	3.14e-24	86.8
ERR1110319_Contig_83353_9.82095:1.3142	ERR1136613_Contig_30684_7.28266:1.1566	35.938	64	41	0	2425	2616	1125	934	5.09e-15	58.3
ERR1110319_Contig_83353_9.82095:1.3142	ERR1136613_Contig_37870_9.56924:1.1132	30.556	72	50	0	1412	1627	579	794	1.45e-06	50.6
ERR1110319_Contig_38019_23.4583:1.1338	ERR1110319_Contig_50100_25.7923:1.1532	61.111	216	84	0	587	1234	848	1495	5.45e-130	311
ERR1110319_Contig_79153_16.8593:1.1598	ERR1110319_Contig_83353_9.82095:1.3142	39.914	233	140	0	733	35	1385	2083	1.24e-64	209
ERR1110319_Contig_79153_16.8593:1.1598	ERR1121418_Contig_41810_6.50251:1.1614	28.767	73	52	0	448	230	1376	1158	2.22e-14	54.7
ERR1110319_Contig_79153_16.8593:1.1598	ERR1136613_Contig_37870_9.56924:1.1132	26.667	75	55	0	448	224	846	1070	5.28e-11	50.6
ERR1110319_Contig_49262_8.96622:1.2536	ERR1110319_Contig_42926_43.7437:1.1815	54.000	50	23	0	1670	1819	993	1142	3.92e-12	56.5
ERR1110319_Contig_82259_23.3408:1.3479	ERR1110319_Contig_50129_53.7668:1.4231	33.784	74	49	0	1430	1209	3414	3193	1.79e-27	58.3
ERR1110319_Contig_7904_60.8357:1.2327	ERR1110319_Contig_79712_64.1447:1.2390	56.881	109	47	0	3	329	1324	1650	6.99e-51	160
ERR1110319_Contig_7904_60.8357:1.2327	ERR1110319_Contig_44085_62.2377:1.1968	41.558	154	90	0	1127	1588	1789	1328	3.20e-32	135
ERR1110319_Contig_9390_8.67861:1.2142	ERR1121433_Contig_18832_37.5095:1.1172	23.364	107	82	0	672	992	196	516	6.02e-27	59.3
ERR1110319_Contig_81650_9.76267:1.1204	ERR1136663_Contig_3943_11.64:1.2092	47.170	106	56	0	371	54	715	1032	5.53e-81	125
ERR1110319_Contig_4586_8.81415:1.1758	ERR1136607_Contig_8083_9.96004:1.1096	34.177	79	52	0	1147	1383	407	643	2.58e-09	58.8
ERR1110319_Contig_50267_53.3333:1.1202	ERR1110319_Contig_79180_57.4181:1.1247	57.746	71	30	0	859	1071	901	1113	4.71e-56	102
ERR1110319_Contig_758_22.5523:1.2238	ERR1110319_Contig_39576_28.3082:1.2032	54.839	31	14	0	60	152	10	102	9.75e-21	55.8
ERR1110319_Contig_69899_11.204:1.3770	ERR1136613_Contig_29021_7.54491:1.1345	37.500	104	65	0	314	3	1274	963	2.21e-17	86.8
ERR1110319_Contig_70066_30.8338:1.1085	ERR1110319_Contig_70495_24.98:1.1268	32.857	70	47	0	1017	808	196	405	1.41e-08	55.6
ERR1110319_Contig_34923_24.0744:1.1203	ERR1110319_Contig_69601_61.6514:1.2240	48.077	52	27	0	692	537	541	696	2.59e-47	73.0
ERR1110319_Contig_34923_24.0744:1.1203	ERR1110319_Contig_85384_61.7905:1.1963	34.653	101	66	0	313	11	930	628	8.74e-20	74.4
ERR1110319_Contig_36528_5.66583:1.1615	ERR1136663_Contig_71521_7.73145:1.1759	32.308	65	44	0	591	785	931	737	1.75e-24	56.5
ERR1110319_Contig_79180_57.4181:1.1247	ERR1110319_Contig_50267_53.3333:1.1202	57.746	71	30	0	901	1113	859	1071	5.15e-56	102
ERR1110319_Contig_76570_10.4412:1.1271	ERR1136663_Contig_47798_11.8864:1.1006	41.935	93	54	0	881	603	1	279	5.58e-21	97.0
ERR1110319_Contig_76570_10.4412:1.1271	ERR1121433_Contig_71512_7.20643:1.1047	47.273	55	29	0	899	735	265	429	1.68e-13	60.8
ERR1110319_Contig_75975_17.1254:1.1017	ERR1136613_Contig_40073_9.18004:1.1092	58.065	62	26	0	187	2	280	465	1.41e-27	88.6
ERR1110319_Contig_56494_25.3256:1.1528	ERR1110319_Contig_34778_7.63859:1.1243	29.032	62	44	0	190	5	238	53	3.99e-09	52.4
ERR1110319_Contig_78566_30.6093:1.1461	ERR1136613_Contig_55266_9.70145:1.3269	55.102	147	66	0	650	210	2621	3061	1.69e-101	185
ERR1110319_Contig_78566_30.6093:1.1461	ERR1136607_Contig_52364_32.8497:1.2076	45.740	223	121	0	872	204	1151	1819	9.10e-91	237
ERR1110319_Contig_54552_8.75281:1.1088	ERR1136607_Contig_4606_17.931:1.3366	38.509	161	99	0	531	1013	2171	2653	2.68e-58	136
ERR1110319_Contig_38360_9.85026:1.1162	ERR1121433_Contig_75888_10.8337:1.1427	93.226	310	21	0	1	930	930	1	0.0	700
ERR1110319_Contig_38360_9.85026:1.1162	ERR1136607_Contig_76397_6.37333:1.1662	96.104	77	3	0	986	756	1204	974	3.90e-103	182
ERR1110319_Contig_82436_9.447:1.1369	ERR1110319_Contig_37216_12.7498:1.1359	62.209	172	65	0	730	215	9	524	6.99e-89	276
ERR1110319_Contig_69794_6.24214:1.1102	ERR1136613_Contig_51117_6.85984:1.1026	40.278	144	86	0	901	470	481	912	2.52e-46	131
ERR1110319_Contig_68629_6.4134:1.1065	ERR1110319_Contig_55282_5.92213:1.1317	46.429	84	45	0	535	786	7	258	6.27e-19	90.0
ERR1110319_Contig_59172_5.03562:1.1171	ERR1110319_Contig_48795_30.9467:1.1277	30.303	66	46	0	70	267	621	424	1.95e-07	51.9
ERR1110319_Contig_66923_5.31369:1.1700	ERR1136663_Contig_32924_4.64632:1.1052	100.000	302	0	0	1182	277	1052	147	0.0	671
ERR1110319_Contig_51253_8.08756:1.1025	ERR1136607_Contig_28002_5.45197:1.1113	100.000	159	0	0	1023	547	635	1111	3.16e-111	396
ERR1110319_Contig_85936_7.31929:1.2488	ERR1121433_Contig_54243_7.7438:1.1351	28.916	83	59	0	783	1031	82	330	2.65e-08	56.0
ERR1110319_Contig_5002_5.64607:1.1509	ERR1136663_Contig_55855_15.9906:1.1087	36.232	138	88	0	1094	1507	84	497	3.01e-29	124
ERR1111320_Contig_242_6.54054:1.1130	ERR1136613_Contig_20775_12.9569:1.1390	83.636	55	9	0	881	1045	1152	1316	2.04e-44	115
ERR1111354_Contig_6564_72.9576:1.1082	ERR1121418_Contig_50998_682.187:1.1082	100.000	360	0	0	2	1081	2	1081	0.0	789
ERR1111354_Contig_6564_72.9576:1.1082	ERR1136610_Contig_9615_359.004:1.1154	62.434	189	71	0	45	611	254	820	1.18e-77	241
ERR1121393_Contig_27272_35.3917:1.1613	ERR1121393_Contig_2840_32.3439:1.1436	41.026	78	46	0	199	432	319	86	6.09e-17	84.0
ERR1121393_Contig_27349_32.0402:1.2383	ERR1121393_Contig_5132_9.10876:1.1767	60.360	222	88	0	373	1038	76	741	0.0	340
ERR1121393_Contig_41301_38.1451:1.1881	ERR1136607_Contig_30538_9.08743:1.1221	82.787	366	63	0	1156	59	8	1105	0.0	653
ERR1121393_Contig_41301_38.1451:1.1881	ERR1121418_Contig_42226_13.7679:1.2002	85.546	339	49	0	1276	260	1343	327	0.0	629
ERR1121393_Contig_36175_15.2429:1.1881	ERR1136607_Contig_51779_10.4946:1.3168	24.046	262	199	0	493	1278	755	1540	1.42e-61	145
ERR1121393_Contig_46398_36.1116:1.3729	ERR1136607_Contig_69300_8.60209:1.2317	96.701	394	13	0	3727	2546	1749	568	0.0	887
ERR1121393_Contig_46398_36.1116:1.3729	ERR1121418_Contig_53239_10.5428:1.1094	76.309	363	86	0	1622	2710	1093	5	0.0	631
ERR1121393_Contig_46398_36.1116:1.3729	ERR1121418_Contig_18190_11.4749:1.1256	54.167	192	88	0	3448	2873	667	92	5.21e-101	236
ERR1121393_Contig_46398_36.1116:1.3729	ERR1136607_Contig_74258_4.85323:1.1042	49.187	246	125	0	3448	2711	156	893	5.01e-89	282
ERR1121393_Contig_46398_36.1116:1.3729	ERR1121418_Contig_48604_10.3867:1.1150	53.846	52	24	0	1174	1019	837	682	7.50e-41	74.8
ERR1121393_Contig_12525_23.1457:1.1578	ERR1121433_Contig_46087_5.99357:1.1108	100.000	368	0	0	39	1142	3	1106	0.0	842
ERR1121393_Contig_2840_32.3439:1.1436	ERR1121393_Contig_27272_35.3917:1.1613	41.026	78	46	0	319	86	199	432	5.39e-17	84.0
ERR1121393_Contig_7140_13.059:1.1885	ERR1136663_Contig_16461_8.49076:1.1697	63.333	30	11	0	930	1019	650	739	1.18e-18	55.8
ERR1121393_Contig_23760_46.8633:1.1059	ERR1136663_Contig_28326_6.20151:1.2278	45.333	75	41	0	559	335	2	226	2.59e-16	81.3
ERR1121393_Contig_27451_26.0439:1.1069	ERR1121433_Contig_47774_33.3971:1.1123	100.000	330	0	0	62	1051	134	1123	0.0	758
ERR1121393_Contig_52243_30.5251:1.2513	ERR1136610_Contig_14212_7.51774:1.1119	48.936	47	24	0	1248	1388	178	318	6.15e-32	55.8
ERR1121393_Contig_38907_33.379:1.1371	ERR1121418_Contig_11802_11.7132:1.1230	58.242	91	38	0	316	588	124	396	2.19e-82	138
ERR1121393_Contig_38907_33.379:1.1371	ERR1121433_Contig_37966_21.5125:1.1946	42.188	64	37	0	1074	1265	1645	1454	3.44e-08	54.7
ERR1121393_Contig_5132_9.10876:1.1767	ERR1121393_Contig_27349_32.0402:1.2383	60.360	222	88	0	76	741	373	1038	0.0	340
ERR1121393_Contig_47385_11.8304:1.1099	ERR1136613_Contig_49307_5.03:1.1120	43.548	62	35	0	103	288	201	386	2.94e-15	72.1
ERR1121393_Contig_1476_6.26129:1.1149	ERR1136607_Contig_63884_5.79627:1.1414	25.862	232	172	0	453	1148	426	1121	1.40e-54	145
ERR1121393_Contig_1476_6.26129:1.1149	ERR1136607_Contig_59246_8.27236:1.1518	30.000	120	84	0	93	452	1064	705	2.14e-18	70.7
ERR1121393_Contig_2321_6.27566:1.1413	ERR1136607_Contig_13994_5.68564:1.1636	36.449	107	68	0	1	321	1214	1534	7.28e-21	96.8
ERR1121418_Contig_50998_682.187:1.1082	ERR1111354_Contig_6564_72.9576:1.1082	100.000	360	0	0	2	1081	2	1081	0.0	789
ERR1121418_Contig_50998_682.187:1.1082	ERR1136610_Contig_9615_359.004:1.1154	62.434	189	71	0	45	611	254	820	1.18e-77	241
ERR1121418_Contig_4645_15.0147:1.3364	ERR1110319_Contig_6435_48.9668:1.1284	74.121	398	103	0	3247	2054	1195	2	0.0	654
ERR1121418_Contig_51103_14.5327:1.1871	ERR1110319_Contig_83429_47.4794:1.1843	83.636	220	36	0	1035	1694	663	4	0.0	470
ERR1121418_Contig_50762_14.2059:1.4789	ERR1110319_Contig_51967_48.8511:1.1545	96.417	307	11	0	534	1454	587	1507	0.0	665
ERR1121418_Contig_41810_6.50251:1.1614	ERR1110319_Contig_79153_16.8593:1.1598	28.767	73	52	0	1376	1158	448	230	2.25e-14	54.7
ERR1121418_Contig_18190_11.4749:1.1256	ERR1136607_Contig_74258_4.85323:1.1042	76.667	240	56	0	817	98	6	725	2.13e-143	447
ERR1121418_Contig_18190_11.4749:1.1256	ERR1136607_Contig_69300_8.60209:1.2317	53.646	192	89	0	667	92	1470	895	1.79e-137	235
ERR1121418_Contig_18190_11.4749:1.1256	ERR1121393_Contig_46398_36.1116:1.3729	54.167	192	88	0	667	92	3448	2873	1.65e-101	236
ERR1121418_Contig_18126_15.9303:1.1626	ERR1110319_Contig_48564_48.4229:1.3912	87.037	270	35	0	817	1626	6	815	2.17e-152	533
ERR1121418_Contig_47067_8.03512:1.1216	ERR1136607_Contig_72964_6.64876:1.1472	100.000	402	0	0	1206	1	1471	266	0.0	961
ERR1121418_Contig_48604_10.3867:1.1150	ERR1121393_Contig_46398_36.1116:1.3729	53.846	52	24	0	837	682	1174	1019	6.35e-52	74.8
ERR1121418_Contig_22163_9.89249:1.1192	ERR1136607_Contig_69547_10.2718:1.3191	58.333	48	20	0	840	983	1036	893	6.64e-53	75.3
ERR1121418_Contig_34336_9.22811:1.2966	ERR1136663_Contig_65717_11.6367:1.1223	72.449	196	54	0	588	1	836	249	1.49e-143	351
ERR1121418_Contig_42226_13.7679:1.2002	ERR1121393_Contig_41301_38.1451:1.1881	86.957	299	39	0	1223	327	1156	260	0.0	610
ERR1121418_Contig_42226_13.7679:1.2002	ERR1136607_Contig_30538_9.08743:1.1221	79.264	299	62	0	1223	327	8	904	1.83e-180	536
ERR1121418_Contig_53239_10.5428:1.1094	ERR1121393_Contig_46398_36.1116:1.3729	74.792	361	91	0	10	1092	2705	1623	1.65e-162	566
ERR1121418_Contig_53239_10.5428:1.1094	ERR1136607_Contig_69300_8.60209:1.2317	78.926	242	51	0	10	735	727	2	1.03e-116	414
ERR1121418_Contig_45104_9.13412:1.1034	ERR1136607_Contig_52526_9.66538:1.1837	39.655	58	35	0	482	309	1508	1681	6.47e-09	56.6
ERR1121418_Contig_49769_15.4054:1.2001	ERR1110319_Contig_48564_48.4229:1.3912	80.909	110	21	0	699	1028	2459	2788	0.0	234
ERR1121418_Contig_6159_8.20826:1.1158	ERR1136663_Contig_10186_9.80098:1.3879	41.463	82	48	0	776	531	1564	1319	1.18e-61	93.2
ERR1121418_Contig_50822_9.20101:1.1806	ERR1136663_Contig_53789_9.36058:1.3054	30.189	159	111	0	461	937	2508	2984	2.08e-33	118
ERR1121418_Contig_50822_9.20101:1.1806	ERR1136663_Contig_54745_5.88077:1.1060	35.366	82	53	0	443	688	810	1055	4.04e-23	79.9
ERR1121418_Contig_50822_9.20101:1.1806	ERR1136663_Contig_33228_5.78752:1.1366	22.628	137	106	0	494	904	559	969	2.60e-19	81.3
ERR1121418_Contig_50822_9.20101:1.1806	ERR1136663_Contig_33788_9.04038:1.2249	32.759	58	39	0	1406	1579	2	175	1.08e-17	55.6
ERR1121418_Contig_50822_9.20101:1.1806	ERR1136663_Contig_24803_8.13457:1.2606	26.812	138	101	0	1133	1546	148	561	1.52e-10	62.9
ERR1121418_Contig_11802_11.7132:1.1230	ERR1121393_Contig_38907_33.379:1.1371	58.242	91	38	0	124	396	316	588	1.24e-81	138
ERR1121418_Contig_11802_11.7132:1.1230	ERR1121433_Contig_37966_21.5125:1.1946	52.174	69	33	0	390	596	1896	1690	4.09e-30	89.0
ERR1121418_Contig_37023_7.02701:1.1316	ERR1136607_Contig_73024_11.9139:1.1449	28.000	75	54	0	1170	946	1254	1030	6.75e-10	53.8
ERR1121418_Contig_47622_6.91512:1.1045	ERR1136663_Contig_61164_8.56669:1.1437	66.957	115	38	0	158	502	19	363	2.80e-98	182
ERR1121418_Contig_5455_5.73069:1.1056	ERR1136610_Contig_49620_5.85145:1.2228	100.000	351	0	0	2	1054	171	1223	0.0	841
ERR1121433_Contig_4839_6.21543:1.1148	ERR1136663_Contig_79723_5.92837:1.1109	64.286	168	60	0	507	4	69	572	6.75e-67	249
ERR1121433_Contig_4839_6.21543:1.1148	ERR1136607_Contig_14484_4.81916:1.1043	69.474	95	29	0	507	223	757	1041	3.31e-48	158
ERR1121433_Contig_4839_6.21543:1.1148	ERR1136663_Contig_57784_5.53721:1.1122	70.370	27	8	0	1145	1065	733	813	2.61e-07	51.5
ERR1121433_Contig_67868_9.39808:1.1374	ERR1136663_Contig_42228_8.90353:1.1409	42.254	71	41	0	931	1143	644	856	1.00e-39	79.3
ERR1121433_Contig_7794_6.39514:1.2819	ERR1136610_Contig_23510_8.93773:1.3007	97.544	733	18	0	619	2817	708	2906	0.0	1618
ERR1121433_Contig_85684_8.41457:1.1173	ERR1121433_Contig_56904_14.2856:1.2107	52.778	36	17	0	1074	967	179	286	3.37e-15	55.6
ERR1121433_Contig_26714_13.7039:1.1013	ERR1136607_Contig_59357_5.99816:1.1108	100.000	181	0	0	543	1	1107	565	1.30e-124	440
ERR1121433_Contig_37966_21.5125:1.1946	ERR1121418_Contig_11802_11.7132:1.1230	42.623	61	35	0	1645	1463	888	1070	3.56e-16	59.3
ERR1121433_Contig_37966_21.5125:1.1946	ERR1121393_Contig_38907_33.379:1.1371	42.623	61	35	0	1645	1463	1074	1256	3.37e-07	51.9
ERR1121433_Contig_48052_7.21097:1.1570	ERR1136610_Contig_7509_7.97908:1.1645	97.596	208	5	0	946	1569	1015	1638	0.0	470
ERR1121433_Contig_75888_10.8337:1.1427	ERR1110319_Contig_38360_9.85026:1.1162	93.528	309	20	0	3	929	928	2	0.0	707
ERR1121433_Contig_75888_10.8337:1.1427	ERR1136607_Contig_76397_6.37333:1.1662	78.313	83	18	0	874	1122	251	3	1.51e-132	165
ERR1121433_Contig_67738_6.428:1.1013	ERR1136610_Contig_28141_8.2556:1.1628	98.522	203	3	0	404	1012	1	609	3.46e-136	479
ERR1121433_Contig_67738_6.428:1.1013	ERR1136610_Contig_36849_9.25988:1.1209	99.074	108	1	0	2	325	885	1208	6.82e-66	245
ERR1121433_Contig_47774_33.3971:1.1123	ERR1121393_Contig_27451_26.0439:1.1069	100.000	330	0	0	134	1123	62	1051	0.0	758
ERR1121433_Contig_4250_5.38999:1.1179	ERR1136607_Contig_8083_9.96004:1.1096	47.059	68	36	0	332	535	413	616	4.69e-14	73.9
ERR1121433_Contig_71512_7.20643:1.1047	ERR1110319_Contig_76570_10.4412:1.1271	47.273	55	29	0	265	429	899	735	1.20e-13	61.0
ERR1121433_Contig_18832_37.5095:1.1172	ERR1110319_Contig_9390_8.67861:1.2142	23.364	107	82	0	196	516	672	992	3.68e-21	59.3
ERR1121433_Contig_54124_8.74236:1.2310	ERR1136663_Contig_86937_5.73759:1.1571	52.899	138	65	0	1790	2203	13	426	1.22e-42	166
ERR1121433_Contig_56904_14.2856:1.2107	ERR1121433_Contig_85684_8.41457:1.1173	52.778	36	17	0	179	286	1074	967	3.84e-20	55.6
ERR1121433_Contig_56904_14.2856:1.2107	ERR1136663_Contig_88621_8.31648:1.1325	51.163	43	21	0	281	409	184	312	1.03e-07	53.8
ERR1121433_Contig_3085_8.53967:1.1041	ERR1121433_Contig_1305_10.433:1.2071	43.103	58	33	0	714	887	1318	1491	5.19e-16	57.4
ERR1121433_Contig_3085_8.53967:1.1041	ERR1136613_Contig_66190_8.78607:1.1212	44.156	77	43	0	651	881	635	865	1.85e-12	68.4
ERR1121433_Contig_6424_6.29877:1.1563	ERR1136610_Contig_41189_9.33985:1.1453	98.961	385	4	0	327	1481	297	1451	0.0	869
ERR1121433_Contig_34647_5.89076:1.1567	ERR1136610_Contig_27736_7.80933:1.2186	96.164	365	14	0	394	1488	2185	1091	0.0	817
ERR1121433_Contig_34647_5.89076:1.1567	ERR1136610_Contig_11116_6.9288:1.1256	91.346	104	9	0	1	312	314	3	3.55e-63	237
ERR1121433_Contig_14281_6.13994:1.1292	ERR1136610_Contig_7585_8.02092:1.1024	98.361	244	4	0	1292	561	1	732	0.0	499
ERR1121433_Contig_48433_7.159:1.1064	ERR1121433_Contig_54243_7.7438:1.1351	37.288	59	37	0	193	369	136	312	5.49e-16	59.4
ERR1121433_Contig_1305_10.433:1.2071	ERR1121433_Contig_3085_8.53967:1.1041	43.103	58	33	0	1318	1491	714	887	7.97e-20	57.4
ERR1121433_Contig_1305_10.433:1.2071	ERR1136613_Contig_66190_8.78607:1.1212	32.609	92	62	0	1246	1521	626	901	3.60e-15	78.5
ERR1121433_Contig_46087_5.99357:1.1108	ERR1121393_Contig_12525_23.1457:1.1578	100.000	369	0	0	1	1107	37	1143	0.0	845
ERR1121433_Contig_64973_7.23086:1.1679	ERR1136663_Contig_991_10.7063:1.2199	32.432	185	125	0	719	1273	930	1484	5.38e-51	130
ERR1121433_Contig_64973_7.23086:1.1679	ERR1136607_Contig_77628_7.18231:1.2225	30.233	86	60	0	1019	1276	3	260	2.88e-11	65.2
ERR1121433_Contig_42499_14.4646:1.1038	ERR1136610_Contig_18060_8.46517:1.1671	42.373	59	34	0	375	551	679	503	1.45e-09	58.8
ERR1121433_Contig_3273_16.4:1.1150	ERR1136613_Contig_29357_7.0125:1.1540	30.380	79	55	0	344	580	563	799	4.95e-07	50.6
ERR1121433_Contig_54243_7.7438:1.1351	ERR1121433_Contig_48433_7.159:1.1064	37.288	59	37	0	136	312	193	369	6.73e-16	59.4
ERR1121433_Contig_54243_7.7438:1.1351	ERR1110319_Contig_85936_7.31929:1.2488	28.916	83	59	0	82	330	783	1031	1.50e-08	55.8
ERR1121433_Contig_49607_12.606:1.1091	ERR1136613_Contig_38448_6.09673:1.1395	77.083	48	11	0	145	2	5	148	1.11e-21	99.1
ERR1121433_Contig_75346_6.58869:1.1046	ERR1136610_Contig_41366_7.00315:1.1925	96.680	241	8	0	2	724	621	1343	0.0	508
ERR1121433_Contig_64036_7.91067:1.1117	ERR1136613_Contig_33245_6.21698:1.1610	62.222	45	17	0	1114	980	807	941	1.34e-11	65.7
ERR1121433_Contig_27524_5.69356:1.1123	ERR1136607_Contig_32647_6.5341:1.1149	99.145	234	2	0	702	1	1147	446	3.47e-163	569
ERR1136607_Contig_23192_9.37527:1.1419	ERR1136610_Contig_38194_6.05459:1.1229	59.227	233	95	0	75	773	1	699	2.00e-152	319
ERR1136607_Contig_13994_5.68564:1.1636	ERR1121393_Contig_2321_6.27566:1.1413	36.449	107	68	0	1214	1534	1	321	2.10e-20	95.5
ERR1136607_Contig_59661_49.4566:1.1161	ERR1136613_Contig_46578_5.27:1.1220	28.916	83	59	0	627	875	311	559	1.70e-17	69.3
ERR1136607_Contig_2362_39.2597:1.4698	ERR1136663_Contig_34444_9.64316:1.1892	30.667	75	52	0	4698	4474	141	365	1.25e-07	54.7
ERR1136607_Contig_67922_37.1909:1.3530	ERR1136663_Contig_56383_8.46505:1.2166	59.375	96	39	0	3242	3529	876	1163	4.94e-98	145
ERR1136607_Contig_67922_37.1909:1.3530	ERR1136663_Contig_27124_7.88214:1.1700	52.273	44	21	0	18	149	1168	1299	9.58e-35	66.6
ERR1136607_Contig_39480_9.90909:1.4365	ERR1136663_Contig_24983_8.18687:1.2503	31.707	82	56	0	2847	2602	1804	1559	1.07e-06	51.5
ERR1136607_Contig_20115_36.399:1.1416	ERR1136663_Contig_71632_8.1382:1.1033	53.125	96	45	0	288	1	1031	744	7.90e-30	126
ERR1136607_Contig_25081_37.5552:1.1407	ERR1136663_Contig_68198_10.4411:1.2874	84.806	283	43	0	293	1141	1884	2732	0.0	591
ERR1136607_Contig_53773_30.3604:1.1646	ERR1136663_Contig_57223_9.942:1.1089	92.093	215	17	0	1575	931	646	2	2.20e-140	494
ERR1136607_Contig_66810_28.5269:1.2290	ERR1136663_Contig_79105_6.06512:1.1187	99.643	280	1	0	599	1438	346	1185	0.0	676
ERR1136607_Contig_66810_28.5269:1.2290	ERR1136613_Contig_19729_5.42101:1.1267	33.962	53	35	0	1787	1945	622	780	2.62e-19	53.3
ERR1136607_Contig_59309_37.7722:1.2785	ERR1136663_Contig_25247_8.39607:1.1242	42.593	54	31	0	1199	1360	374	535	6.55e-16	52.4
ERR1136607_Contig_69300_8.60209:1.2317	ERR1121393_Contig_46398_36.1116:1.3729	97.574	371	9	0	1749	637	3727	2615	0.0	847
ERR1136607_Contig_69300_8.60209:1.2317	ERR1121418_Contig_18190_11.4749:1.1256	68.108	185	59	0	2067	1513	1255	701	1.04e-153	292
ERR1136607_Contig_69300_8.60209:1.2317	ERR1121418_Contig_53239_10.5428:1.1094	88.235	238	28	0	716	3	21	734	1.68e-136	481
ERR1136607_Contig_69300_8.60209:1.2317	ERR1136607_Contig_74258_4.85323:1.1042	49.187	246	125	0	1470	733	156	893	1.19e-89	284
ERR1136607_Contig_4606_17.931:1.3366	ERR1110319_Contig_54552_8.75281:1.1088	38.509	161	99	0	2171	2653	531	1013	2.01e-56	136
ERR1136607_Contig_23017_39.3906:1.1062	ERR1136613_Contig_38883_11.1908:1.3222	57.143	42	18	0	633	758	816	941	2.10e-27	62.0
ERR1136607_Contig_43276_30.619:1.1377	ERR1136613_Contig_4952_5.16376:1.1223	52.381	84	40	0	334	585	514	765	2.53e-55	95.0
ERR1136607_Contig_29695_39.6389:1.1546	ERR1136663_Contig_24983_8.18687:1.2503	63.000	100	37	0	529	828	667	368	4.68e-62	159
ERR1136607_Contig_62801_38.3993:1.3689	ERR1136663_Contig_71522_8.23701:1.5484	64.912	57	20	0	941	1111	2220	2390	1.47e-75	86.3
ERR1136607_Contig_67377_41.0233:1.1695	ERR1136663_Contig_79677_10.0399:1.3300	53.465	101	47	0	472	774	2343	2645	2.02e-45	147
ERR1136607_Contig_43749_36.677:1.1958	ERR1136663_Contig_27124_7.88214:1.1700	60.494	243	96	0	812	1540	6	734	1.67e-142	363
ERR1136607_Contig_18709_39.8138:1.1814	ERR1136663_Contig_63108_10.0813:1.2835	41.176	51	30	0	1390	1542	1208	1360	7.88e-13	50.1
ERR1136607_Contig_54058_12.8593:1.1619	ERR1136607_Contig_50749_8.70389:1.1847	42.373	59	34	0	852	1028	1071	1247	9.36e-11	56.6
ERR1136607_Contig_73884_35.8058:1.1292	ERR1136663_Contig_71106_10.245:1.1122	59.701	67	27	0	427	227	1080	880	4.30e-36	95.9
ERR1136607_Contig_73884_35.8058:1.1292	ERR1136607_Contig_9205_10.1862:1.2356	52.577	97	46	0	800	510	89	379	8.96e-25	106
ERR1136607_Contig_73884_35.8058:1.1292	ERR1136607_Contig_31643_15.8589:1.1317	32.857	70	47	0	1245	1036	718	509	4.09e-07	51.0
ERR1136607_Contig_2399_34.9674:1.1522	ERR1136663_Contig_79677_10.0399:1.3300	51.639	122	59	0	1150	1515	1603	1968	1.17e-37	152
ERR1136607_Contig_39180_36.9777:1.2356	ERR1136607_Contig_25079_19.0145:1.1333	36.232	69	44	0	376	170	886	1092	3.02e-09	57.0
ERR1136607_Contig_62136_15.059:1.1139	ERR1136607_Contig_57817_13.8769:1.2651	42.647	68	39	0	635	838	481	684	3.85e-12	67.5
ERR1136607_Contig_17108_6.23256:1.1138	ERR1136663_Contig_4348_6.10482:1.1909	99.438	178	1	0	604	1137	1	534	1.15e-113	404
ERR1136607_Contig_17108_6.23256:1.1138	ERR1136607_Contig_69992_5.21958:1.1154	39.344	61	37	0	412	594	368	550	1.19e-19	52.6
ERR1136607_Contig_77628_7.18231:1.2225	ERR1136663_Contig_991_10.7063:1.2199	34.118	85	56	0	3	257	1230	1484	8.60e-13	70.7
ERR1136607_Contig_77628_7.18231:1.2225	ERR1121433_Contig_64973_7.23086:1.1679	30.233	86	60	0	3	260	1019	1276	3.89e-11	65.2
ERR1136607_Contig_30538_9.08743:1.1221	ERR1121393_Contig_41301_38.1451:1.1881	82.787	366	63	0	8	1105	1156	59	0.0	658
ERR1136607_Contig_30538_9.08743:1.1221	ERR1121418_Contig_42226_13.7679:1.2002	79.333	300	62	0	5	904	1226	327	1.35e-179	528
ERR1136607_Contig_77417_38.8772:1.1690	ERR1136663_Contig_24983_8.18687:1.2503	57.826	230	97	0	1226	537	2236	1547	5.36e-171	308
ERR1136607_Contig_2034_9.93671:1.4839	ERR1136663_Contig_71106_10.245:1.1122	59.091	44	18	0	1519	1650	849	718	2.05e-27	69.3
ERR1136607_Contig_2034_9.93671:1.4839	ERR1136607_Contig_73884_35.8058:1.1292	48.980	49	25	0	1294	1440	454	308	1.77e-19	57.9
ERR1136607_Contig_36336_37.6945:1.1159	ERR1136663_Contig_70506_8.31143:1.3231	45.455	66	36	0	30	227	3030	3227	1.64e-13	72.1
ERR1136607_Contig_75815_17.94:1.1036	ERR1136607_Contig_5851_11.9627:1.1575	64.706	51	18	0	683	835	1545	1393	3.11e-26	81.7
ERR1136607_Contig_52526_9.66538:1.1837	ERR1121418_Contig_45104_9.13412:1.1034	39.655	58	35	0	1508	1681	482	309	9.64e-09	57.0
ERR1136607_Contig_32647_6.5341:1.1149	ERR1121433_Contig_27524_5.69356:1.1123	99.145	234	2	0	1147	446	702	1	3.56e-163	569
ERR1136607_Contig_32_31.172:1.1043	ERR1136663_Contig_65530_9.73104:1.2842	89.489	333	35	0	43	1041	1	999	0.0	727
ERR1136607_Contig_78680_41.7332:1.1482	ERR1136663_Contig_56383_8.46505:1.2166	48.958	96	49	0	504	791	1730	2017	2.93e-42	101
ERR1136607_Contig_78680_41.7332:1.1482	ERR1136663_Contig_83116_10.0324:1.3104	53.704	54	25	0	1243	1404	3	164	6.05e-14	73.9
ERR1136607_Contig_52364_32.8497:1.2076	ERR1110319_Contig_78566_30.6093:1.1461	45.740	223	121	0	1151	1819	872	204	2.01e-90	236
ERR1136607_Contig_52364_32.8497:1.2076	ERR1136613_Contig_55266_9.70145:1.3269	47.059	136	72	0	1475	1882	2723	3130	4.57e-82	157
ERR1136607_Contig_31643_15.8589:1.1317	ERR1136663_Contig_8338_12.4743:1.1557	48.673	113	58	0	1018	680	1359	1021	2.67e-44	133
ERR1136607_Contig_31643_15.8589:1.1317	ERR1136607_Contig_73884_35.8058:1.1292	32.857	70	47	0	718	509	1245	1036	4.18e-07	51.0
ERR1136607_Contig_74360_8.60495:1.1111	ERR1136613_Contig_49307_5.03:1.1120	52.941	34	16	0	270	371	30	131	5.63e-17	57.0
ERR1136607_Contig_73024_11.9139:1.1449	ERR1121418_Contig_37023_7.02701:1.1316	28.000	75	54	0	1254	1030	1170	946	7.51e-10	53.8
ERR1136607_Contig_28462_10.6485:1.1582	ERR1136607_Contig_366_11.1308:1.1236	69.091	55	17	0	296	460	1071	1235	1.55e-20	95.9
ERR1136607_Contig_3044_36.1548:1.2688	ERR1136663_Contig_83116_10.0324:1.3104	69.892	93	28	0	145	423	595	873	8.52e-88	163
ERR1136607_Contig_366_11.1308:1.1236	ERR1136607_Contig_28462_10.6485:1.1582	69.091	55	17	0	1071	1235	296	460	1.18e-20	95.9
ERR1136607_Contig_13387_6.64405:1.1818	ERR1136610_Contig_36212_5.7155:1.1310	71.233	73	21	0	375	593	151	369	2.02e-59	129
ERR1136607_Contig_13387_6.64405:1.1818	ERR1136607_Contig_15678_8.18458:1.1174	57.895	38	16	0	651	764	24	137	1.36e-13	57.5
ERR1136607_Contig_9205_10.1862:1.2356	ERR1136607_Contig_73884_35.8058:1.1292	52.577	97	46	0	89	379	800	510	1.70e-24	106
ERR1136607_Contig_9205_10.1862:1.2356	ERR1110319_Contig_5002_5.64607:1.1509	24.176	91	69	0	173	445	49	321	1.94e-10	52.4
ERR1136607_Contig_63884_5.79627:1.1414	ERR1121393_Contig_1476_6.26129:1.1149	25.862	232	172	0	426	1121	453	1148	3.20e-54	145
ERR1136607_Contig_5851_11.9627:1.1575	ERR1136607_Contig_75815_17.94:1.1036	74.074	27	7	0	1473	1393	755	835	1.73e-17	52.8
ERR1136607_Contig_25079_19.0145:1.1333	ERR1136607_Contig_39180_36.9777:1.2356	36.232	69	44	0	886	1092	376	170	1.61e-09	57.0
ERR1136607_Contig_14484_4.81916:1.1043	ERR1136663_Contig_57784_5.53721:1.1122	95.495	222	10	0	666	1	1122	457	1.70e-143	503
ERR1136607_Contig_14484_4.81916:1.1043	ERR1136663_Contig_79723_5.92837:1.1109	99.145	117	1	0	691	1041	3	353	2.33e-72	267
ERR1136607_Contig_14484_4.81916:1.1043	ERR1121433_Contig_4839_6.21543:1.1148	69.474	95	29	0	757	1041	507	223	3.49e-48	158
ERR1136607_Contig_15678_8.18458:1.1174	ERR1136610_Contig_36212_5.7155:1.1310	100.000	266	0	0	102	899	511	1308	0.0	597
ERR1136607_Contig_15678_8.18458:1.1174	ERR1136607_Contig_13096_8.04524:1.1744	40.000	55	33	0	216	380	354	518	6.22e-08	51.6
ERR1136607_Contig_73319_5.25253:1.1105	ERR1136663_Contig_42555_8.65786:1.5246	56.410	39	17	0	667	783	3432	3548	8.37e-12	54.2
ERR1136607_Contig_9960_33.3668:1.1176	ERR1136663_Contig_69660_6.29252:1.1090	73.684	38	10	0	120	7	18	131	9.55e-15	76.2
ERR1136607_Contig_8083_9.96004:1.1096	ERR1121433_Contig_4250_5.38999:1.1179	35.443	79	51	0	461	697	380	616	2.12e-09	58.3
ERR1136607_Contig_8083_9.96004:1.1096	ERR1110319_Contig_4586_8.81415:1.1758	38.095	63	39	0	455	643	1195	1383	9.57e-08	52.8
ERR1136607_Contig_76397_6.37333:1.1662	ERR1121433_Contig_75888_10.8337:1.1427	78.313	83	18	0	251	3	874	1122	3.29e-129	165
ERR1136607_Contig_76397_6.37333:1.1662	ERR1110319_Contig_38360_9.85026:1.1162	96.104	77	3	0	1204	974	986	756	2.01e-102	182
ERR1136607_Contig_69992_5.21958:1.1154	ERR1136663_Contig_4348_6.10482:1.1909	98.698	384	5	0	2	1153	580	1731	0.0	886
ERR1136607_Contig_69992_5.21958:1.1154	ERR1136607_Contig_17108_6.23256:1.1138	39.344	61	37	0	368	550	412	594	1.28e-19	52.5
ERR1136607_Contig_69547_10.2718:1.3191	ERR1121418_Contig_22163_9.89249:1.1192	60.000	55	22	0	1036	872	840	1004	2.40e-50	83.1
ERR1136607_Contig_59246_8.27236:1.1518	ERR1121393_Contig_1476_6.26129:1.1149	28.986	138	98	0	1118	705	39	452	1.88e-18	75.3
ERR1136607_Contig_51779_10.4946:1.3168	ERR1121393_Contig_36175_15.2429:1.1881	24.046	262	199	0	755	1540	493	1278	2.58e-61	145
ERR1136607_Contig_32096_6.12766:1.1007	ERR1136663_Contig_730_12.8501:1.1494	37.209	86	54	0	343	86	659	916	1.25e-33	86.1
ERR1136607_Contig_43882_5.62127:1.1026	ERR1136663_Contig_26782_4.54116:1.1016	54.878	82	37	0	634	879	769	1014	1.20e-23	105
ERR1136607_Contig_52705_5.02464:1.1116	ERR1110319_Contig_74053_8.22585:1.1366	62.857	35	13	0	923	819	1295	1191	1.34e-10	58.8
ERR1136607_Contig_72964_6.64876:1.1472	ERR1121418_Contig_47067_8.03512:1.1216	100.000	402	0	0	1471	266	1206	1	0.0	961
ERR1136607_Contig_63438_5.09637:1.1151	ERR1136663_Contig_75985_6.42718:1.1455	97.241	290	8	0	241	1110	3	872	0.0	658
ERR1136607_Contig_25073_5.91056:1.1261	ERR1136663_Contig_21968_6.51412:1.1720	42.424	132	76	0	24	419	1717	1322	2.47e-33	130
ERR1136607_Contig_25073_5.91056:1.1261	ERR1136663_Contig_82065_15.3842:1.1225	32.353	68	46	0	876	1079	879	1082	2.36e-12	53.3
ERR1136607_Contig_59357_5.99816:1.1108	ERR1121433_Contig_26714_13.7039:1.1013	100.000	181	0	0	1107	565	543	1	1.43e-124	440
ERR1136607_Contig_28002_5.45197:1.1113	ERR1110319_Contig_51253_8.08756:1.1025	100.000	159	0	0	635	1111	1023	547	3.44e-111	396
ERR1136607_Contig_74258_4.85323:1.1042	ERR1121418_Contig_18190_11.4749:1.1256	76.667	240	56	0	6	725	817	98	2.12e-138	430
ERR1136607_Contig_74258_4.85323:1.1042	ERR1136607_Contig_69300_8.60209:1.2317	49.187	246	125	0	156	893	1470	733	3.21e-85	268
ERR1136607_Contig_74258_4.85323:1.1042	ERR1121393_Contig_46398_36.1116:1.3729	49.187	246	125	0	156	893	3448	2711	8.24e-85	266
ERR1136610_Contig_9615_359.004:1.1154	ERR1121418_Contig_50998_682.187:1.1082	77.612	201	45	0	819	217	610	8	2.33e-113	392
ERR1136610_Contig_9615_359.004:1.1154	ERR1111354_Contig_6564_72.9576:1.1082	77.612	201	45	0	819	217	610	8	2.33e-113	392
ERR1136610_Contig_1999_7.83662:1.1642	ERR1136663_Contig_52253_10.5746:1.3081	61.702	47	18	0	629	489	2843	2983	1.02e-57	72.1
ERR1136610_Contig_1999_7.83662:1.1642	ERR1136663_Contig_60657_9.62608:1.1408	42.667	75	43	0	1484	1260	330	554	3.63e-50	82.6
ERR1136610_Contig_23510_8.93773:1.3007	ERR1121433_Contig_7794_6.39514:1.2819	97.231	939	26	0	90	2906	1	2817	0.0	2075
ERR1136610_Contig_7419_8.57858:1.1159	ERR1136613_Contig_56997_7.86895:1.1920	57.971	138	58	0	559	146	1640	1227	4.00e-61	189
ERR1136610_Contig_33342_15.4046:1.1881	ERR1136663_Contig_35281_9.87818:1.3632	51.073	233	114	0	598	1296	1318	620	5.06e-140	274
ERR1136610_Contig_18471_7.97093:1.1224	ERR1136607_Contig_20100_8.09726:1.1223	45.652	46	25	0	712	849	578	715	1.85e-09	58.7
ERR1136610_Contig_49620_5.85145:1.2228	ERR1121418_Contig_5455_5.73069:1.1056	100.000	351	0	0	171	1223	2	1054	0.0	841
ERR1136610_Contig_14212_7.51774:1.1119	ERR1121393_Contig_52243_30.5251:1.2513	53.659	41	19	0	196	318	1266	1388	1.11e-32	54.3
ERR1136610_Contig_18060_8.46517:1.1671	ERR1121433_Contig_42499_14.4646:1.1038	38.750	80	49	0	742	503	312	551	3.10e-12	68.4
ERR1136610_Contig_48145_8.14885:1.1189	ERR1136610_Contig_42193_8.26003:1.1316	47.059	85	45	0	870	616	220	474	4.73e-40	97.7
ERR1136610_Contig_41366_7.00315:1.1925	ERR1121433_Contig_75346_6.58869:1.1046	96.680	241	8	0	621	1343	2	724	0.0	508
ERR1136610_Contig_28141_8.2556:1.1628	ERR1121433_Contig_67738_6.428:1.1013	98.522	203	3	0	1	609	404	1012	1.63e-136	481
ERR1136610_Contig_7509_7.97908:1.1645	ERR1121433_Contig_48052_7.21097:1.1570	97.596	208	5	0	1015	1638	946	1569	0.0	470
ERR1136610_Contig_42193_8.26003:1.1316	ERR1136610_Contig_48145_8.14885:1.1189	49.074	108	55	0	190	513	900	577	5.91e-55	130
ERR1136610_Contig_38194_6.05459:1.1229	ERR1136607_Contig_23192_9.37527:1.1419	59.227	233	95	0	1	699	75	773	1.56e-151	316
ERR1136610_Contig_19475_8.51671:1.1516	ERR1136663_Contig_23831_9.72134:1.2026	65.385	52	18	0	1231	1076	804	959	1.25e-48	86.3
ERR1136610_Contig_41189_9.33985:1.1453	ERR1121433_Contig_6424_6.29877:1.1563	98.961	385	4	0	297	1451	327	1481	0.0	869
ERR1136610_Contig_36849_9.25988:1.1209	ERR1121433_Contig_67738_6.428:1.1013	99.074	108	1	0	885	1208	2	325	2.01e-67	251
ERR1136610_Contig_27736_7.80933:1.2186	ERR1121433_Contig_34647_5.89076:1.1567	96.164	365	14	0	2185	1091	394	1488	0.0	819
ERR1136610_Contig_7585_8.02092:1.1024	ERR1121433_Contig_14281_6.13994:1.1292	97.561	246	6	0	739	2	554	1291	0.0	546
ERR1136610_Contig_36212_5.7155:1.1310	ERR1136607_Contig_15678_8.18458:1.1174	100.000	266	0	0	511	1308	102	899	0.0	594
ERR1136610_Contig_36212_5.7155:1.1310	ERR1136607_Contig_13387_6.64405:1.1818	71.233	73	21	0	151	369	375	593	5.96e-56	129
ERR1136610_Contig_36212_5.7155:1.1310	ERR1136607_Contig_13096_8.04524:1.1744	40.000	55	33	0	625	789	354	518	1.01e-07	51.4
ERR1136610_Contig_42831_8.05294:1.1210	ERR1136663_Contig_7698_10.8851:1.1978	49.462	186	94	0	225	782	1521	964	2.25e-136	238
ERR1136610_Contig_31083_7.57143:1.1056	ERR1136663_Contig_19994_13.684:1.1384	80.328	122	24	0	663	1028	1384	1019	8.33e-71	253
ERR1136610_Contig_31083_7.57143:1.1056	ERR1136663_Contig_3943_11.64:1.2092	61.290	62	24	0	843	1028	1145	1330	2.06e-28	100
ERR1136610_Contig_11116_6.9288:1.1256	ERR1121433_Contig_34647_5.89076:1.1567	91.346	104	9	0	314	3	1	312	8.37e-64	239
ERR1136613_Contig_30684_7.28266:1.1566	ERR1110319_Contig_83353_9.82095:1.3142	35.938	64	41	0	1125	934	2425	2616	2.44e-15	58.3
ERR1136613_Contig_70146_9.33569:1.1578	ERR1136613_Contig_53004_8.81629:1.1027	31.429	105	72	0	1043	1357	372	58	3.69e-11	64.8
ERR1136613_Contig_53004_8.81629:1.1027	ERR1136663_Contig_36181_11.9492:1.1043	32.381	105	71	0	366	52	632	946	3.07e-16	81.0
ERR1136613_Contig_53004_8.81629:1.1027	ERR1136613_Contig_70146_9.33569:1.1578	31.429	105	72	0	372	58	1043	1357	2.71e-11	64.5
ERR1136613_Contig_36089_5.56966:1.1233	ERR1136610_Contig_4632_7.74103:1.1163	40.385	52	31	0	697	852	555	400	4.03e-09	51.5
ERR1136613_Contig_36201_6.1738:1.1211	ERR1136663_Contig_65226_8.11665:1.3672	90.647	278	26	0	834	1	594	1427	0.0	554
ERR1136613_Contig_53166_8.79911:1.2255	ERR1136663_Contig_12490_28.0248:1.1067	56.835	139	60	0	1167	751	444	860	1.16e-96	202
ERR1136613_Contig_55266_9.70145:1.3269	ERR1110319_Contig_78566_30.6093:1.1461	55.102	147	66	0	2621	3061	650	210	3.96e-101	185
ERR1136613_Contig_55266_9.70145:1.3269	ERR1136607_Contig_52364_32.8497:1.2076	47.059	136	72	0	2723	3130	1475	1882	5.03e-82	158
ERR1136613_Contig_49559_6.44703:1.2172	ERR1136663_Contig_18224_5.60469:1.1639	51.111	45	22	0	2167	2033	1487	1353	2.69e-08	55.6
ERR1136613_Contig_29062_8.82074:1.4455	ERR1136663_Contig_69463_15.787:1.1344	37.815	119	74	0	2098	1742	257	613	4.22e-23	105
ERR1136613_Contig_19729_5.42101:1.1267	ERR1136607_Contig_66810_28.5269:1.2290	33.962	53	35	0	622	780	1787	1945	1.39e-19	53.3
ERR1136613_Contig_20775_12.9569:1.1390	ERR1111320_Contig_242_6.54054:1.1130	83.636	55	9	0	1152	1316	881	1045	7.81e-45	115
ERR1136613_Contig_38448_6.09673:1.1395	ERR1121433_Contig_49607_12.606:1.1091	77.083	48	11	0	5	148	145	2	1.47e-21	99.1
ERR1136613_Contig_40073_9.18004:1.1092	ERR1110319_Contig_75975_17.1254:1.1017	58.065	62	26	0	280	465	187	2	4.15e-27	87.7
ERR1136613_Contig_40073_9.18004:1.1092	ERR1110319_Contig_83353_9.82095:1.3142	43.243	74	42	0	871	1092	436	657	2.35e-24	85.9
ERR1136613_Contig_40073_9.18004:1.1092	ERR1110319_Contig_79153_16.8593:1.1598	40.984	61	36	0	910	1092	1598	1416	6.38e-13	70.0
ERR1136613_Contig_66190_8.78607:1.1212	ERR1121433_Contig_1305_10.433:1.2071	32.609	92	62	0	626	901	1246	1521	4.59e-15	77.3
ERR1136613_Contig_66190_8.78607:1.1212	ERR1121433_Contig_3085_8.53967:1.1041	44.156	77	43	0	635	865	651	881	4.43e-12	67.4
ERR1136613_Contig_51117_6.85984:1.1026	ERR1110319_Contig_69794_6.24214:1.1102	40.278	144	86	0	481	912	901	470	2.34e-46	131
ERR1136613_Contig_33785_6.38158:1.1236	ERR1136663_Contig_37155_9.18083:1.2962	31.429	105	72	0	1229	915	1407	1721	1.95e-17	78.5
ERR1136613_Contig_46932_8.65291:1.1207	ERR1136613_Contig_48827_9.63604:1.1435	65.385	156	54	0	1	468	1	468	4.79e-66	246
ERR1136613_Contig_67462_10.9724:1.1250	ERR1136663_Contig_42649_10.0403:1.3021	40.426	47	28	0	315	455	541	681	3.52e-15	50.6
ERR1136613_Contig_71349_9.81079:1.1151	ERR1136663_Contig_75288_6.75402:1.1638	56.667	90	39	0	884	615	860	591	3.84e-55	134
ERR1136613_Contig_33245_6.21698:1.1610	ERR1121433_Contig_64036_7.91067:1.1117	62.222	45	17	0	807	941	1114	980	3.47e-11	64.9
ERR1136613_Contig_599_10.2993:1.2409	ERR1136663_Contig_76607_6.70151:1.1015	30.588	85	59	0	1697	1951	552	806	1.36e-14	65.2
ERR1136613_Contig_56997_7.86895:1.1920	ERR1136610_Contig_7419_8.57858:1.1159	57.971	138	58	0	1640	1227	559	146	6.91e-61	189
ERR1136613_Contig_29021_7.54491:1.1345	ERR1136663_Contig_12543_7.18425:1.1252	69.643	168	51	0	863	360	702	1205	6.12e-105	298
ERR1136613_Contig_29021_7.54491:1.1345	ERR1110319_Contig_69899_11.204:1.3770	37.500	104	65	0	1274	963	314	3	7.45e-18	86.8
ERR1136613_Contig_10383_9.93475:1.1813	ERR1136663_Contig_38839_13.2841:1.1164	34.066	91	60	0	390	118	668	940	2.36e-12	68.0
ERR1136613_Contig_38883_11.1908:1.3222	ERR1136607_Contig_23017_39.3906:1.1062	47.368	57	30	0	909	1079	723	893	1.30e-27	67.0
ERR1136613_Contig_8699_5.98121:1.1031	ERR1136663_Contig_5518_8.21589:1.1669	36.975	119	75	0	362	6	1088	1444	1.48e-48	97.4
ERR1136613_Contig_70953_10.8525:1.1105	ERR1136663_Contig_50060_10.9347:1.2163	43.396	53	30	0	415	573	1458	1616	1.33e-07	52.4
ERR1136613_Contig_48827_9.63604:1.1435	ERR1136613_Contig_46932_8.65291:1.1207	65.385	156	54	0	1	468	1	468	5.80e-66	246
ERR1136613_Contig_41433_4.54695:1.1117	ERR1136663_Contig_45685_10.6189:1.1962	57.692	78	33	0	610	843	1442	1675	2.76e-85	103
ERR1136613_Contig_29357_7.0125:1.1540	ERR1121433_Contig_3273_16.4:1.1150	30.380	79	55	0	563	799	344	580	6.80e-07	50.6
ERR1136613_Contig_37870_9.56924:1.1132	ERR1110319_Contig_79153_16.8593:1.1598	26.667	75	55	0	846	1070	448	224	9.19e-12	50.6
ERR1136613_Contig_37870_9.56924:1.1132	ERR1110319_Contig_83353_9.82095:1.3142	30.556	72	50	0	579	794	1412	1627	4.84e-07	50.6
ERR1136613_Contig_46578_5.27:1.1220	ERR1136607_Contig_59661_49.4566:1.1161	28.916	83	59	0	311	559	627	875	3.16e-16	68.3
ERR1136613_Contig_29168_7.09314:1.1448	ERR1136663_Contig_70535_8.44444:1.1109	53.623	69	32	0	8	214	191	397	8.80e-30	76.7
ERR1136613_Contig_49307_5.03:1.1120	ERR1136607_Contig_74360_8.60495:1.1111	52.941	34	16	0	30	131	270	371	5.68e-17	57.0
ERR1136613_Contig_49307_5.03:1.1120	ERR1121393_Contig_47385_11.8304:1.1099	43.548	62	35	0	201	386	103	288	2.99e-15	72.1
ERR1136613_Contig_4952_5.16376:1.1223	ERR1136607_Contig_43276_30.619:1.1377	52.381	84	40	0	514	765	334	585	2.28e-61	115
ERR1136663_Contig_64649_8.46626:1.1339	ERR1136663_Contig_66203_6.28949:1.1875	41.509	53	31	0	83	241	199	357	1.78e-08	55.6
ERR1136663_Contig_59501_31.3772:1.1144	ERR1136663_Contig_34871_36.6066:1.2872	75.000	32	8	0	631	726	2871	2776	4.79e-09	55.6
ERR1136663_Contig_79677_10.0399:1.3300	ERR1136607_Contig_67377_41.0233:1.1695	53.465	101	47	0	2343	2645	472	774	4.15e-45	147
ERR1136663_Contig_79677_10.0399:1.3300	ERR1136607_Contig_2399_34.9674:1.1522	51.639	122	59	0	1603	1968	1150	1515	2.64e-37	152
ERR1136663_Contig_87701_5.08844:1.1015	ERR1136663_Contig_6432_5.5798:1.1129	40.881	159	94	0	556	80	648	1124	2.28e-35	144
ERR1136663_Contig_87701_5.08844:1.1015	ERR1136663_Contig_2268_8.68905:1.1107	37.113	97	61	0	496	206	22	312	6.25e-15	74.4
ERR1136663_Contig_38839_13.2841:1.1164	ERR1136613_Contig_10383_9.93475:1.1813	34.066	91	60	0	668	940	390	118	1.42e-12	68.0
ERR1136663_Contig_26874_28.8554:1.2538	ERR1136663_Contig_25123_10.6219:1.1271	44.681	47	26	0	161	301	1190	1050	6.62e-08	54.7
ERR1136663_Contig_72910_14.2456:1.1148	ERR1136663_Contig_64080_9.71282:1.1775	47.154	123	65	0	3	371	1384	1752	2.41e-34	141
ERR1136663_Contig_72910_14.2456:1.1148	ERR1136663_Contig_10454_11.3712:1.1165	47.945	73	38	0	3	221	945	1163	1.62e-21	98.7
ERR1136663_Contig_29545_12.1907:1.3192	ERR1136663_Contig_34792_7.60999:1.1461	30.894	123	85	0	1684	2052	2	370	2.35e-47	101
ERR1136663_Contig_70535_8.44444:1.1109	ERR1136613_Contig_29168_7.09314:1.1448	51.948	77	37	0	191	421	8	238	1.73e-40	100
ERR1136663_Contig_8654_29.9921:1.2818	ERR1136663_Contig_20089_33.4077:1.4447	45.652	46	25	0	389	526	1056	1193	3.47e-16	51.0
ERR1136663_Contig_53789_9.36058:1.3054	ERR1136663_Contig_54745_5.88077:1.1060	32.474	194	131	0	1668	2249	6	587	4.79e-53	143
ERR1136663_Contig_53789_9.36058:1.3054	ERR1121418_Contig_50822_9.20101:1.1806	30.198	202	141	0	2379	2984	332	937	1.39e-32	130
ERR1136663_Contig_53789_9.36058:1.3054	ERR1136663_Contig_33228_5.78752:1.1366	30.769	91	63	0	1977	2249	4	276	1.44e-18	61.1
ERR1136663_Contig_8100_8.34012:1.1052	ERR1136663_Contig_71631_9.62157:1.1114	33.735	83	55	0	653	901	606	358	3.33e-09	57.6
ERR1136663_Contig_8100_8.34012:1.1052	ERR1136663_Contig_29784_7.28297:1.1476	34.545	55	36	0	332	496	1273	1109	6.52e-07	50.0
ERR1136663_Contig_78914_10.7326:1.1916	ERR1136663_Contig_64010_11.3345:1.1123	71.053	76	22	0	50	277	234	461	2.79e-92	140
ERR1136663_Contig_65226_8.11665:1.3672	ERR1136613_Contig_36201_6.1738:1.1211	90.647	278	26	0	594	1427	834	1	0.0	554
ERR1136663_Contig_4548_10.1098:1.1851	ERR1136663_Contig_50323_10.6303:1.1394	39.623	106	64	0	901	584	439	756	9.31e-71	95.5
ERR1136663_Contig_70425_7.62491:1.1425	ERR1136663_Contig_17866_6.09882:1.1204	37.313	67	42	0	1343	1143	1004	1204	6.26e-11	63.8
ERR1136663_Contig_70425_7.62491:1.1425	ERR1136663_Contig_59145_6.9424:1.1027	57.895	38	16	0	1055	942	817	930	2.94e-10	55.6
ERR1136663_Contig_59077_17.8978:1.1077	ERR1136663_Contig_18866_14.8473:1.2836	38.235	68	42	0	773	976	2633	2836	3.91e-13	70.7
ERR1136663_Contig_28808_13.0548:1.2848	ERR1136663_Contig_76607_6.70151:1.1015	27.660	94	68	0	740	1021	561	842	1.69e-12	64.8
ERR1136663_Contig_28808_13.0548:1.2848	ERR1136663_Contig_86017_10.0564:1.1031	34.921	63	41	0	833	1021	667	855	9.50e-07	51.0
ERR1136663_Contig_84891_9.17593:1.1856	ERR1136663_Contig_72383_9.4754:1.1585	31.325	83	57	0	505	753	1096	848	4.75e-15	63.8
ERR1136663_Contig_16167_12.8025:1.1382	ERR1136663_Contig_51370_13.5102:1.2419	51.163	43	21	0	631	503	377	249	2.10e-22	57.0
ERR1136663_Contig_16167_12.8025:1.1382	ERR1136663_Contig_64334_9.74208:1.1536	41.379	58	34	0	253	80	1114	1287	2.53e-08	55.1
ERR1136663_Contig_36346_29.35:1.1243	ERR1136663_Contig_48159_31.7345:1.1847	39.785	93	56	0	475	197	1757	1479	1.51e-07	52.4
ERR1136663_Contig_12490_28.0248:1.1067	ERR1136613_Contig_53166_8.79911:1.2255	56.835	139	60	0	444	860	1167	751	2.03e-93	200
ERR1136663_Contig_26676_7.12397:1.1359	ERR1136663_Contig_59273_5.74906:1.1343	37.946	224	139	0	1353	682	656	1327	1.31e-56	215
ERR1136663_Contig_48159_31.7345:1.1847	ERR1136663_Contig_36346_29.35:1.1243	39.785	93	56	0	1757	1479	475	197	9.69e-13	70.3
ERR1136663_Contig_12005_8.74251:1.1022	ERR1136663_Contig_43184_9.53132:1.1744	67.708	96	31	0	504	791	534	247	1.09e-54	170
ERR1136663_Contig_12005_8.74251:1.1022	ERR1136663_Contig_44769_7.90656:1.1133	31.169	77	53	0	561	791	26	256	1.43e-09	58.8
ERR1136663_Contig_69351_13.5597:1.2382	ERR1136663_Contig_51370_13.5102:1.2419	42.105	57	33	0	930	1100	1738	1568	1.25e-19	67.5
ERR1136663_Contig_2259_8.96015:1.1827	ERR1136663_Contig_65504_7.97397:1.1134	75.817	153	37	0	573	1031	574	1032	5.36e-91	305
ERR1136663_Contig_42547_7.96685:1.2041	ERR1110319_Contig_5221_6.87416:1.1355	52.273	132	63	0	396	1	669	1064	1.64e-80	173
ERR1136663_Contig_60321_32.2602:1.1588	ERR1136663_Contig_27422_33.6885:1.1487	38.462	78	48	0	1188	1421	1011	1244	8.50e-15	62.9
ERR1136663_Contig_60321_32.2602:1.1588	ERR1136663_Contig_39456_37.6443:1.1333	46.000	50	27	0	525	674	1029	1178	5.88e-13	58.3
ERR1136663_Contig_60321_32.2602:1.1588	ERR1136663_Contig_12612_4.63876:1.1346	31.868	91	62	0	846	1118	1064	1336	2.93e-12	68.4
ERR1136663_Contig_60321_32.2602:1.1588	ERR1136663_Contig_34968_4.13247:1.1024	34.118	85	56	0	903	1157	448	194	2.70e-11	65.2
ERR1136663_Contig_60321_32.2602:1.1588	ERR1136663_Contig_83956_6.40386:1.1159	36.111	72	46	0	483	698	471	256	2.70e-11	65.2
ERR1136663_Contig_60321_32.2602:1.1588	ERR1136663_Contig_81560_11.5724:1.1257	29.688	64	45	0	489	680	371	562	3.11e-11	51.5
ERR1136663_Contig_60321_32.2602:1.1588	ERR1136663_Contig_12781_11.1501:1.1026	25.714	140	104	0	822	1241	684	265	8.90e-10	60.2
ERR1136663_Contig_3374_29.5467:1.2643	ERR1136663_Contig_14108_11.4417:1.1691	34.848	66	43	0	864	1061	51	248	2.10e-09	59.7
ERR1136663_Contig_42555_8.65786:1.5246	ERR1136607_Contig_73319_5.25253:1.1105	56.410	39	17	0	3432	3548	667	783	1.04e-11	55.6
ERR1136663_Contig_8338_12.4743:1.1557	ERR1136607_Contig_31643_15.8589:1.1317	50.962	104	51	0	1362	1051	1021	710	2.47e-34	104
ERR1136663_Contig_26891_37.9866:1.4576	ERR1136663_Contig_35648_8.47451:1.1491	37.681	69	43	0	2234	2440	743	537	1.43e-09	61.1
ERR1136663_Contig_26891_37.9866:1.4576	ERR1136663_Contig_56530_10.3276:1.2053	39.216	51	31	0	2255	2407	1751	1903	5.10e-09	59.3
ERR1136663_Contig_26891_37.9866:1.4576	ERR1136663_Contig_55352_7.89428:1.1051	40.000	50	30	0	2252	2401	627	776	2.13e-06	50.6
ERR1136663_Contig_65717_11.6367:1.1223	ERR1121418_Contig_34336_9.22811:1.2966	72.449	196	54	0	836	249	588	1	1.89e-142	351
ERR1136663_Contig_43184_9.53132:1.1744	ERR1136663_Contig_12005_8.74251:1.1022	67.708	96	31	0	534	247	504	791	2.13e-54	170
ERR1136663_Contig_43184_9.53132:1.1744	ERR1136663_Contig_44769_7.90656:1.1133	33.784	74	49	0	456	235	47	268	9.87e-10	60.2
ERR1136663_Contig_10971_5.7442:1.1486	ERR1136663_Contig_197_5.38648:1.1218	31.818	88	60	0	1222	1485	760	1023	8.01e-22	56.5
ERR1136663_Contig_81284_7.63154:1.1225	ERR1136663_Contig_86348_8.87744:1.1252	46.575	73	39	0	1191	973	888	1106	4.11e-15	77.5
ERR1136663_Contig_81284_7.63154:1.1225	ERR1136663_Contig_33459_10.6929:1.2703	40.741	54	32	0	1182	1021	2544	2383	7.87e-17	51.7
ERR1136663_Contig_57456_30.6625:1.3777	ERR1136663_Contig_60197_9.42264:1.2547	25.806	93	69	0	2904	3182	653	931	3.04e-33	58.3
ERR1136663_Contig_45685_10.6189:1.1962	ERR1136613_Contig_41433_4.54695:1.1117	57.692	78	33	0	1442	1675	610	843	2.44e-87	106
ERR1136663_Contig_37155_9.18083:1.2962	ERR1136613_Contig_33785_6.38158:1.1236	31.429	105	72	0	1407	1721	1229	915	6.04e-17	78.3
ERR1136663_Contig_65530_9.73104:1.2842	ERR1136607_Contig_32_31.172:1.1043	89.489	333	35	0	1	999	43	1041	0.0	727
ERR1136663_Contig_80171_8.94909:1.1277	ERR1136663_Contig_20404_7.16587:1.1907	47.368	38	20	0	1109	1222	1149	1262	1.40e-11	50.1
ERR1136663_Contig_42649_10.0403:1.3021	ERR1136613_Contig_67462_10.9724:1.1250	40.426	47	28	0	541	681	315	455	9.69e-15	50.6
ERR1136663_Contig_42649_10.0403:1.3021	ERR1136613_Contig_31263_12.4667:1.1145	26.437	87	64	0	1480	1740	36	296	1.01e-06	51.0
ERR1136663_Contig_34792_7.60999:1.1461	ERR1136663_Contig_29545_12.1907:1.3192	32.039	103	70	0	2	310	1684	1992	5.23e-48	97.3
ERR1136663_Contig_27800_13.3303:1.3468	ERR1136663_Contig_1927_5.51784:1.1113	43.860	57	32	0	2211	2381	677	847	4.40e-18	56.1
ERR1136663_Contig_88177_8.39658:1.1074	ERR1136663_Contig_23907_9.55941:1.1434	37.288	59	37	0	882	706	364	540	1.05e-18	60.4
ERR1136663_Contig_88177_8.39658:1.1074	ERR1136663_Contig_4807_30.8332:1.1639	38.983	59	36	0	882	706	328	504	1.84e-16	62.6
ERR1136663_Contig_88177_8.39658:1.1074	ERR1136663_Contig_86284_9.70554:1.1212	40.678	59	35	0	882	706	351	527	8.74e-16	71.3
ERR1136663_Contig_88177_8.39658:1.1074	ERR1136663_Contig_71755_9.96169:1.1012	34.091	88	58	0	441	178	385	122	5.61e-11	63.6
ERR1136663_Contig_50323_10.6303:1.1394	ERR1136663_Contig_4548_10.1098:1.1851	39.623	106	64	0	439	756	901	584	8.14e-70	95.5
ERR1136663_Contig_21001_35.9877:1.2137	ERR1136663_Contig_27422_33.6885:1.1487	43.429	175	99	0	755	1279	834	1358	7.65e-60	169
ERR1136663_Contig_21001_35.9877:1.2137	ERR1136663_Contig_73025_5.55074:1.1104	37.179	78	49	0	1412	1645	869	636	8.65e-13	62.0
ERR1136663_Contig_21001_35.9877:1.2137	ERR1136663_Contig_83956_6.40386:1.1159	41.935	62	36	0	1952	2137	423	238	9.67e-11	63.8
ERR1136663_Contig_21001_35.9877:1.2137	ERR1136663_Contig_12612_4.63876:1.1346	38.095	63	39	0	1949	2137	1118	1306	7.31e-10	58.3
ERR1136663_Contig_66803_30.939:1.2380	ERR1136663_Contig_55894_4.57708:1.1032	32.632	95	64	0	695	979	723	1007	2.70e-19	65.6
ERR1136663_Contig_66803_30.939:1.2380	ERR1136663_Contig_39456_37.6443:1.1333	45.588	68	37	0	857	1060	990	1193	5.98e-11	64.7
ERR1136663_Contig_66803_30.939:1.2380	ERR1136663_Contig_36112_33.6298:1.2856	35.443	79	51	0	920	1156	2004	2240	1.13e-10	63.8
ERR1136663_Contig_66803_30.939:1.2380	ERR1136663_Contig_16020_5.28959:1.1384	39.655	58	35	0	845	1018	486	659	4.59e-09	54.6
ERR1136663_Contig_66803_30.939:1.2380	ERR1136663_Contig_27422_33.6885:1.1487	46.296	54	29	0	893	1054	1059	1220	1.68e-08	56.0
ERR1136663_Contig_66803_30.939:1.2380	ERR1136663_Contig_12612_4.63876:1.1346	41.379	58	34	0	890	1063	1109	1282	2.48e-08	56.0
ERR1136663_Contig_66803_30.939:1.2380	ERR1136663_Contig_42094_5.41447:1.1236	28.571	63	45	0	845	1033	1039	851	2.22e-07	50.5
ERR1136663_Contig_66803_30.939:1.2380	ERR1136663_Contig_34968_4.13247:1.1024	41.071	56	33	0	896	1063	385	218	4.31e-07	51.9
ERR1136663_Contig_72383_9.4754:1.1585	ERR1136663_Contig_84891_9.17593:1.1856	31.325	83	57	0	1096	848	505	753	3.94e-15	63.8
ERR1136663_Contig_85822_9.2485:1.3678	ERR1136663_Contig_81560_11.5724:1.1257	24.762	105	79	0	2822	3136	359	673	1.45e-08	57.4
ERR1136663_Contig_20089_33.4077:1.4447	ERR1136663_Contig_8654_29.9921:1.2818	45.652	46	25	0	1056	1193	389	526	5.72e-16	51.0
ERR1136663_Contig_19636_31.5806:1.1236	ERR1136663_Contig_19556_11.134:1.1639	52.500	120	57	0	486	845	309	668	6.26e-37	149
ERR1136663_Contig_65532_30.9263:1.1459	ERR1136663_Contig_41367_6.0442:1.1762	36.364	99	63	0	301	5	1071	1367	2.33e-33	97.7
ERR1136663_Contig_67999_33.0392:1.1500	ERR1136663_Contig_41367_6.0442:1.1762	60.656	61	24	0	18	200	1416	1598	2.99e-17	84.9
ERR1136663_Contig_67999_33.0392:1.1500	ERR1136663_Contig_33261_35.1135:1.1492	37.500	72	45	0	1094	879	294	509	1.56e-08	54.7
ERR1136663_Contig_27422_33.6885:1.1487	ERR1136663_Contig_21001_35.9877:1.2137	43.429	175	99	0	834	1358	755	1279	6.89e-61	169
ERR1136663_Contig_27422_33.6885:1.1487	ERR1136663_Contig_60321_32.2602:1.1588	38.462	78	48	0	1011	1244	1188	1421	7.98e-15	62.9
ERR1136663_Contig_27422_33.6885:1.1487	ERR1136663_Contig_83956_6.40386:1.1159	40.909	66	39	0	1005	1202	417	220	1.14e-09	59.7
ERR1136663_Contig_27422_33.6885:1.1487	ERR1136663_Contig_66803_30.939:1.2380	46.296	54	29	0	1059	1220	893	1054	9.53e-09	56.1
ERR1136663_Contig_27422_33.6885:1.1487	ERR1136663_Contig_39456_37.6443:1.1333	45.283	53	29	0	1077	1235	1044	1202	3.77e-08	54.7
ERR1136663_Contig_27422_33.6885:1.1487	ERR1136663_Contig_34968_4.13247:1.1024	34.848	66	43	0	1026	1223	421	224	1.34e-07	52.8
ERR1136663_Contig_23061_9.79526:1.1202	ERR1136663_Contig_23100_11.8875:1.1078	56.522	115	50	0	97	441	576	920	1.48e-65	172
ERR1136663_Contig_59145_6.9424:1.1027	ERR1136663_Contig_88894_6.22032:1.1014	50.000	58	29	0	586	759	476	649	7.55e-20	69.8
ERR1136663_Contig_59145_6.9424:1.1027	ERR1136663_Contig_70425_7.62491:1.1425	60.000	35	14	0	817	921	1055	951	3.23e-09	51.7
ERR1136663_Contig_26445_6.36834:1.1391	ERR1136663_Contig_58997_9.30026:1.1169	40.000	55	33	0	956	1120	917	1081	1.99e-10	53.3
ERR1136663_Contig_51688_10.4318:1.1486	ERR1136663_Contig_70755_10.9675:1.1867	42.000	50	29	0	1162	1013	791	940	2.00e-08	55.6
ERR1136663_Contig_67267_6.15447:1.1004	ERR1136663_Contig_20714_9.79765:1.1043	42.000	200	116	0	942	343	319	918	1.19e-59	225
ERR1136663_Contig_51370_13.5102:1.2419	ERR1136663_Contig_16167_12.8025:1.1382	51.163	43	21	0	377	249	631	503	3.80e-22	57.0
ERR1136663_Contig_51370_13.5102:1.2419	ERR1136663_Contig_69351_13.5597:1.2382	42.105	57	33	0	1738	1568	930	1100	1.27e-19	67.5
ERR1136663_Contig_71522_8.23701:1.5484	ERR1136607_Contig_62801_38.3993:1.3689	64.912	57	20	0	2220	2390	941	1111	2.60e-72	86.3
ERR1136663_Contig_23831_9.72134:1.2026	ERR1136610_Contig_19475_8.51671:1.1516	55.000	80	36	0	804	1043	1231	992	4.03e-57	105
ERR1136663_Contig_19556_11.134:1.1639	ERR1136663_Contig_19636_31.5806:1.1236	52.336	107	51	0	309	629	486	806	2.27e-31	131
ERR1136663_Contig_70348_10.5866:1.1418	ERR1136663_Contig_28326_6.20151:1.2278	71.364	220	63	0	226	885	1109	1768	1.02e-130	394
ERR1136663_Contig_60197_9.42264:1.2547	ERR1136663_Contig_57456_30.6625:1.3777	25.806	93	69	0	653	931	2904	3182	2.15e-33	58.2
ERR1136663_Contig_33854_36.6589:1.1574	ERR1136663_Contig_33261_35.1135:1.1492	52.830	53	25	0	420	578	408	566	4.14e-37	77.6
ERR1136663_Contig_39146_12.8038:1.1442	ERR1136663_Contig_19040_10.0628:1.1231	42.857	42	24	0	685	560	756	881	1.19e-08	51.0
ERR1136663_Contig_56383_8.46505:1.2166	ERR1136607_Contig_67922_37.1909:1.3530	59.375	96	39	0	876	1163	3242	3529	2.84e-98	145
ERR1136663_Contig_56383_8.46505:1.2166	ERR1136607_Contig_78680_41.7332:1.1482	48.958	96	49	0	1730	2017	504	791	2.18e-48	101
ERR1136663_Contig_81560_11.5724:1.1257	ERR1136663_Contig_60321_32.2602:1.1588	29.688	64	45	0	371	562	489	680	2.39e-11	51.5
ERR1136663_Contig_81560_11.5724:1.1257	ERR1136663_Contig_12612_4.63876:1.1346	40.323	62	37	0	383	568	1091	1276	1.31e-09	59.3
ERR1136663_Contig_81560_11.5724:1.1257	ERR1136663_Contig_85822_9.2485:1.3678	24.762	105	79	0	359	673	2822	3136	4.65e-09	57.4
ERR1136663_Contig_81560_11.5724:1.1257	ERR1136663_Contig_39456_37.6443:1.1333	44.000	50	28	0	407	556	1029	1178	2.28e-08	55.1
ERR1136663_Contig_63108_10.0813:1.2835	ERR1136607_Contig_18709_39.8138:1.1814	41.176	51	30	0	1208	1360	1390	1542	1.32e-12	50.1
ERR1136663_Contig_4807_30.8332:1.1639	ERR1136663_Contig_23907_9.55941:1.1434	38.168	131	81	0	298	690	334	726	3.91e-69	133
ERR1136663_Contig_4807_30.8332:1.1639	ERR1136663_Contig_86284_9.70554:1.1212	45.977	87	47	0	295	555	318	578	2.75e-49	111
ERR1136663_Contig_4807_30.8332:1.1639	ERR1136663_Contig_26352_8.8527:1.1466	47.541	61	32	0	1210	1392	356	174	8.58e-22	66.1
ERR1136663_Contig_4807_30.8332:1.1639	ERR1136663_Contig_69531_30.7562:1.1156	38.462	65	40	0	1210	1404	960	1154	9.18e-18	62.9
ERR1136663_Contig_4807_30.8332:1.1639	ERR1136663_Contig_73649_10.235:1.2501	36.111	72	46	0	1213	1428	852	1067	1.53e-16	63.3
ERR1136663_Contig_4807_30.8332:1.1639	ERR1136663_Contig_88177_8.39658:1.1074	38.983	59	36	0	328	504	882	706	3.75e-16	62.4
ERR1136663_Contig_4807_30.8332:1.1639	ERR1136663_Contig_70557_9.6559:1.1165	30.588	85	59	0	334	588	256	510	8.87e-15	57.0
ERR1136663_Contig_4807_30.8332:1.1639	ERR1136663_Contig_52120_6.54593:1.1163	39.189	74	45	0	1222	1443	825	1046	2.61e-13	67.0
ERR1136663_Contig_4807_30.8332:1.1639	ERR1136663_Contig_71755_9.96169:1.1012	27.500	80	58	0	331	570	823	584	2.64e-10	62.0
ERR1136663_Contig_33261_35.1135:1.1492	ERR1136663_Contig_33854_36.6589:1.1574	52.830	53	25	0	408	566	420	578	3.92e-37	77.6
ERR1136663_Contig_33261_35.1135:1.1492	ERR1136663_Contig_67999_33.0392:1.1500	37.500	72	45	0	294	509	1094	879	1.69e-13	71.6
ERR1136663_Contig_59273_5.74906:1.1343	ERR1136663_Contig_26676_7.12397:1.1359	37.946	224	139	0	656	1327	1353	682	1.30e-56	215
ERR1136663_Contig_36112_33.6298:1.2856	ERR1136663_Contig_66803_30.939:1.2380	35.443	79	51	0	2004	2240	920	1156	1.31e-10	63.8
ERR1136663_Contig_70506_8.31143:1.3231	ERR1136607_Contig_36336_37.6945:1.1159	45.455	66	36	0	3030	3227	30	227	4.89e-13	72.1
ERR1136663_Contig_50060_10.9347:1.2163	ERR1136613_Contig_70953_10.8525:1.1105	43.396	53	30	0	1458	1616	415	573	2.75e-07	52.4
ERR1136663_Contig_29087_13.3161:1.1431	ERR1136663_Contig_29784_7.28297:1.1476	33.333	87	58	0	1166	1426	772	512	5.25e-26	73.5
ERR1136663_Contig_12543_7.18425:1.1252	ERR1136613_Contig_29021_7.54491:1.1345	69.643	168	51	0	702	1205	863	360	4.55e-97	271
ERR1136663_Contig_50543_9.3973:1.1281	ERR1136663_Contig_36181_11.9492:1.1043	42.308	52	30	0	820	975	644	799	9.77e-19	61.3
ERR1136663_Contig_51282_31.3103:1.1296	ERR1136663_Contig_4807_30.8332:1.1639	29.762	84	59	0	1092	841	355	606	2.90e-07	51.5
ERR1136663_Contig_51282_31.3103:1.1296	ERR1136663_Contig_86284_9.70554:1.1212	27.536	69	50	0	1080	874	390	596	3.98e-07	51.1
ERR1136663_Contig_78156_11.4014:1.2514	ERR1136663_Contig_85619_11.8213:1.1195	50.476	105	52	0	895	581	799	485	2.19e-95	141
ERR1136663_Contig_78156_11.4014:1.2514	ERR1136663_Contig_16020_5.28959:1.1384	32.308	65	44	0	469	275	465	659	1.22e-08	51.9
ERR1136663_Contig_78156_11.4014:1.2514	ERR1136663_Contig_62728_9.21304:1.1569	73.913	23	6	0	71	3	152	84	4.41e-07	51.9
ERR1136663_Contig_71106_10.245:1.1122	ERR1136607_Contig_73884_35.8058:1.1292	59.740	77	31	0	1110	880	457	227	1.12e-39	107
ERR1136663_Contig_71106_10.245:1.1122	ERR1136607_Contig_2034_9.93671:1.4839	59.091	44	18	0	849	718	1519	1650	4.39e-28	69.3
ERR1136663_Contig_36181_11.9492:1.1043	ERR1136663_Contig_50543_9.3973:1.1281	42.308	52	30	0	644	799	820	975	8.26e-19	61.2
ERR1136663_Contig_36181_11.9492:1.1043	ERR1136613_Contig_53004_8.81629:1.1027	32.673	101	68	0	644	946	354	52	3.18e-15	77.6
ERR1136663_Contig_36181_11.9492:1.1043	ERR1136663_Contig_61783_12.532:1.1334	43.333	60	34	0	650	829	970	1149	1.71e-13	62.6
ERR1136663_Contig_13601_8.38095:1.1259	ERR1136663_Contig_33788_9.04038:1.2249	27.922	154	111	0	591	1052	1499	1960	6.96e-23	81.7
ERR1136663_Contig_13601_8.38095:1.1259	ERR1136663_Contig_24803_8.13457:1.2606	44.068	59	33	0	1050	1226	2329	2505	3.83e-21	64.3
ERR1136663_Contig_13601_8.38095:1.1259	ERR1110319_Contig_87254_10.4436:1.1713	33.673	98	65	0	744	1037	736	443	1.95e-14	75.3
ERR1136663_Contig_12781_11.1501:1.1026	ERR1136663_Contig_12612_4.63876:1.1346	42.697	89	51	0	645	379	1079	1345	8.94e-16	79.4
ERR1136663_Contig_12781_11.1501:1.1026	ERR1136663_Contig_60321_32.2602:1.1588	25.714	140	104	0	684	265	822	1241	5.55e-10	60.2
ERR1136663_Contig_12781_11.1501:1.1026	ERR1136663_Contig_34968_4.13247:1.1024	31.646	79	54	0	573	337	418	182	5.13e-09	57.0
ERR1136663_Contig_85624_9.03704:1.2207	ERR1136613_Contig_48599_7.2189:1.1724	36.538	52	33	0	995	1150	1466	1311	3.97e-08	50.1
ERR1136663_Contig_47798_11.8864:1.1006	ERR1110319_Contig_76570_10.4412:1.1271	41.935	93	54	0	1	279	881	603	2.68e-21	97.7
ERR1136663_Contig_61530_6.51568:1.1104	ERR1136663_Contig_29729_6.25842:1.1030	69.811	106	32	0	285	602	531	214	2.49e-47	184
ERR1136663_Contig_17341_11.5892:1.1775	ERR1136663_Contig_34385_5.37373:1.1200	42.105	76	44	0	1121	894	727	500	1.29e-10	58.3
ERR1136663_Contig_7559_6.22917:1.1172	ERR1136663_Contig_51240_8.62959:1.1000	45.763	59	32	0	937	1113	804	980	4.76e-12	67.2
ERR1136663_Contig_28326_6.20151:1.2278	ERR1136663_Contig_70348_10.5866:1.1418	71.364	220	63	0	1109	1768	226	885	1.91e-129	394
ERR1136663_Contig_28326_6.20151:1.2278	ERR1121393_Contig_23760_46.8633:1.1059	45.333	75	41	0	2	226	559	335	2.89e-07	52.4
ERR1136663_Contig_42228_8.90353:1.1409	ERR1121433_Contig_67868_9.39808:1.1374	42.254	71	41	0	644	856	931	1143	7.72e-40	79.4
ERR1136663_Contig_2440_6.9523:1.1718	ERR1110319_Contig_67108_50.7195:1.1125	60.256	156	62	0	2	469	570	1037	1.13e-67	252
ERR1136663_Contig_33459_10.6929:1.2703	ERR1136663_Contig_11899_8.20497:1.1308	46.371	248	133	0	2091	1348	1227	484	3.81e-122	262
ERR1136663_Contig_33459_10.6929:1.2703	ERR1136663_Contig_86348_8.87744:1.1252	37.624	101	63	0	2505	2203	483	785	2.25e-22	94.5
ERR1136663_Contig_33459_10.6929:1.2703	ERR1136663_Contig_85776_7.8325:1.1017	33.333	84	56	0	1314	1063	286	537	2.13e-25	53.3
ERR1136663_Contig_33459_10.6929:1.2703	ERR1136663_Contig_81284_7.63154:1.1225	40.741	54	32	0	2544	2383	1182	1021	9.05e-15	52.4
ERR1136663_Contig_34871_36.6066:1.2872	ERR1136663_Contig_59501_31.3772:1.1144	75.000	32	8	0	2871	2776	631	726	4.00e-08	55.6
ERR1136663_Contig_88351_10.7319:1.1482	ERR1136663_Contig_64334_9.74208:1.1536	53.191	47	22	0	1470	1330	1147	1287	9.74e-08	53.3
ERR1136663_Contig_87377_11.617:1.1827	ERR1136663_Contig_84774_10.1678:1.2058	67.708	96	31	0	289	2	1770	2057	3.79e-83	158
ERR1136663_Contig_35281_9.87818:1.3632	ERR1136610_Contig_33342_15.4046:1.1881	51.938	129	62	0	1006	620	910	1296	4.17e-117	160
ERR1136663_Contig_35281_9.87818:1.3632	ERR1136663_Contig_36234_7.36786:1.1999	56.164	73	32	0	3631	3413	153	371	7.44e-32	100
ERR1136663_Contig_71755_9.96169:1.1012	ERR1136663_Contig_88177_8.39658:1.1074	34.091	88	58	0	385	122	441	178	6.14e-11	63.3
ERR1136663_Contig_71755_9.96169:1.1012	ERR1136663_Contig_86284_9.70554:1.1212	33.333	66	44	0	823	626	354	551	2.96e-10	61.1
ERR1136663_Contig_71755_9.96169:1.1012	ERR1136663_Contig_4807_30.8332:1.1639	27.273	66	48	0	823	626	331	528	6.90e-09	56.5
ERR1136663_Contig_12059_5.71237:1.1661	ERR1136663_Contig_49844_6.9259:1.1302	42.748	131	75	0	6	398	484	876	2.27e-30	121
ERR1136663_Contig_24983_8.18687:1.2503	ERR1136607_Contig_77417_38.8772:1.1690	57.826	230	97	0	2236	1547	1226	537	1.39e-169	321
ERR1136663_Contig_24983_8.18687:1.2503	ERR1136607_Contig_29695_39.6389:1.1546	63.000	100	37	0	667	368	529	828	7.80e-62	159
ERR1136663_Contig_24983_8.18687:1.2503	ERR1136607_Contig_39480_9.90909:1.4365	31.707	82	56	0	1804	1559	2847	2602	6.03e-07	51.5
ERR1136663_Contig_86728_7.85984:1.2403	ERR1136663_Contig_19605_6.19552:1.1135	52.381	84	40	0	804	1055	777	1028	2.50e-63	116
ERR1136663_Contig_26352_8.8527:1.1466	ERR1136663_Contig_4807_30.8332:1.1639	47.541	61	32	0	356	174	1210	1392	1.02e-21	65.8
ERR1136663_Contig_26352_8.8527:1.1466	ERR1136663_Contig_70557_9.6559:1.1165	36.066	61	39	0	422	240	982	1164	6.39e-19	61.3
ERR1136663_Contig_26352_8.8527:1.1466	ERR1136663_Contig_52120_6.54593:1.1163	35.385	65	42	0	386	192	783	977	2.58e-13	61.3
ERR1136663_Contig_26352_8.8527:1.1466	ERR1136663_Contig_69531_30.7562:1.1156	43.396	53	30	0	362	204	954	1112	1.99e-10	62.2
ERR1136663_Contig_26352_8.8527:1.1466	ERR1136663_Contig_86284_9.70554:1.1212	29.885	87	61	0	1175	915	354	614	4.12e-08	54.5
ERR1136663_Contig_81816_5.07206:1.1713	ERR1110319_Contig_73858_7.48194:1.1238	33.333	78	52	0	153	386	765	998	5.71e-10	53.7
ERR1136663_Contig_7698_10.8851:1.1978	ERR1136610_Contig_42831_8.05294:1.1210	49.462	186	94	0	1521	964	225	782	1.23e-136	239
ERR1136663_Contig_87164_9.74414:1.2197	ERR1136663_Contig_86127_9.60655:1.1395	44.000	75	42	0	1265	1489	307	531	7.82e-39	85.8
ERR1136663_Contig_58997_9.30026:1.1169	ERR1136663_Contig_26445_6.36834:1.1391	40.000	55	33	0	917	1081	956	1120	2.36e-10	53.3
ERR1136663_Contig_12612_4.63876:1.1346	ERR1136663_Contig_83956_6.40386:1.1159	39.806	103	62	0	1019	1327	525	217	1.80e-19	92.1
ERR1136663_Contig_12612_4.63876:1.1346	ERR1136663_Contig_12781_11.1501:1.1026	42.697	89	51	0	1079	1345	645	379	1.29e-15	79.3
ERR1136663_Contig_12612_4.63876:1.1346	ERR1136663_Contig_34968_4.13247:1.1024	40.506	79	47	0	1079	1315	421	185	1.51e-13	72.5
ERR1136663_Contig_12612_4.63876:1.1346	ERR1136663_Contig_60321_32.2602:1.1588	31.868	91	62	0	1064	1336	846	1118	2.62e-12	68.3
ERR1136663_Contig_12612_4.63876:1.1346	ERR1136663_Contig_21001_35.9877:1.2137	38.095	63	39	0	1118	1306	1949	2137	4.73e-10	58.3
ERR1136663_Contig_12612_4.63876:1.1346	ERR1136663_Contig_81560_11.5724:1.1257	40.323	62	37	0	1091	1276	383	568	1.49e-09	59.2
ERR1136663_Contig_12612_4.63876:1.1346	ERR1136663_Contig_39456_37.6443:1.1333	47.273	55	29	0	1115	1279	1029	1193	7.28e-09	56.9
ERR1136663_Contig_12612_4.63876:1.1346	ERR1136663_Contig_66803_30.939:1.2380	41.379	58	34	0	1109	1282	890	1063	1.37e-08	56.0
ERR1136663_Contig_34959_7.05061:1.1838	ERR1136663_Contig_197_5.38648:1.1218	52.344	128	61	0	774	1157	835	1218	5.99e-63	160
ERR1136663_Contig_44691_11.389:1.1146	ERR1136663_Contig_13386_11.9731:1.1768	60.000	80	32	0	636	875	81	320	7.27e-30	122
ERR1136663_Contig_56530_10.3276:1.2053	ERR1136663_Contig_26891_37.9866:1.4576	39.216	51	31	0	1751	1903	2255	2407	2.22e-09	59.3
ERR1136663_Contig_34604_10.9246:1.1055	ERR1136663_Contig_34602_8.29583:1.1122	35.000	100	65	0	632	931	1122	823	1.60e-14	75.3
ERR1136663_Contig_69531_30.7562:1.1156	ERR1136663_Contig_4807_30.8332:1.1639	38.462	65	40	0	960	1154	1210	1404	2.40e-17	63.4
ERR1136663_Contig_69531_30.7562:1.1156	ERR1136663_Contig_26352_8.8527:1.1466	43.396	53	30	0	954	1112	362	204	9.36e-11	62.9
ERR1136663_Contig_69531_30.7562:1.1156	ERR1136663_Contig_52120_6.54593:1.1163	34.375	64	42	0	963	1154	816	1007	6.29e-10	60.2
ERR1136663_Contig_69531_30.7562:1.1156	ERR1136663_Contig_73649_10.235:1.2501	32.258	62	42	0	969	1154	858	1043	3.61e-07	51.0
ERR1136663_Contig_75991_7.2109:1.1011	ERR1110319_Contig_81466_55.8279:1.2059	50.820	61	30	0	819	1001	119	301	1.56e-14	75.3
ERR1136663_Contig_730_12.8501:1.1494	ERR1136607_Contig_32096_6.12766:1.1007	37.209	86	54	0	659	916	343	86	2.14e-31	91.0
ERR1136663_Contig_73649_10.235:1.2501	ERR1136663_Contig_73791_11.2668:1.1437	37.143	70	44	0	1647	1856	531	740	1.74e-19	51.9
ERR1136663_Contig_73649_10.235:1.2501	ERR1136663_Contig_4807_30.8332:1.1639	36.111	72	46	0	852	1067	1213	1428	1.29e-16	63.8
ERR1136663_Contig_73649_10.235:1.2501	ERR1136663_Contig_52120_6.54593:1.1163	35.354	99	64	0	798	1094	762	1058	8.96e-16	80.8
ERR1136663_Contig_73649_10.235:1.2501	ERR1136663_Contig_69531_30.7562:1.1156	32.258	62	42	0	858	1043	969	1154	8.28e-07	51.0
ERR1136663_Contig_73649_10.235:1.2501	ERR1136663_Contig_70557_9.6559:1.1165	33.929	56	37	0	798	965	997	1164	1.14e-06	50.6
ERR1136663_Contig_86937_5.73759:1.1571	ERR1121433_Contig_54124_8.74236:1.2310	53.521	142	66	0	1	426	1778	2203	5.24e-45	174
ERR1136663_Contig_18866_14.8473:1.2836	ERR1136663_Contig_59077_17.8978:1.1077	38.235	68	42	0	2633	2836	773	976	1.11e-12	70.7
ERR1136663_Contig_36234_7.36786:1.1999	ERR1136663_Contig_35281_9.87818:1.3632	56.164	73	32	0	153	371	3631	3413	4.00e-32	100
ERR1136663_Contig_36234_7.36786:1.1999	ERR1136663_Contig_64116_6.59793:1.1082	44.156	77	43	0	1435	1665	108	338	6.55e-15	77.6
ERR1136663_Contig_8444_6.18941:1.1134	ERR1136663_Contig_18224_5.60469:1.1639	57.576	33	14	0	772	870	1556	1458	4.46e-15	58.8
ERR1136663_Contig_60657_9.62608:1.1408	ERR1136663_Contig_52253_10.5746:1.3081	54.545	363	165	0	318	1406	1991	3079	2.78e-141	496
ERR1136663_Contig_60657_9.62608:1.1408	ERR1136610_Contig_1999_7.83662:1.1642	42.667	75	43	0	330	554	1484	1260	1.08e-57	82.6
ERR1136663_Contig_39456_37.6443:1.1333	ERR1136663_Contig_60321_32.2602:1.1588	46.000	50	27	0	1029	1178	525	674	4.84e-13	58.3
ERR1136663_Contig_39456_37.6443:1.1333	ERR1136663_Contig_66803_30.939:1.2380	45.588	68	37	0	990	1193	857	1060	3.08e-11	64.8
ERR1136663_Contig_39456_37.6443:1.1333	ERR1136663_Contig_34968_4.13247:1.1024	44.231	52	29	0	1029	1184	385	230	3.61e-09	57.9
ERR1136663_Contig_39456_37.6443:1.1333	ERR1136663_Contig_12612_4.63876:1.1346	47.273	55	29	0	1029	1193	1115	1279	6.81e-09	57.0
ERR1136663_Contig_39456_37.6443:1.1333	ERR1136663_Contig_81560_11.5724:1.1257	44.000	50	28	0	1029	1178	407	556	2.43e-08	55.1
ERR1136663_Contig_39456_37.6443:1.1333	ERR1136663_Contig_27422_33.6885:1.1487	45.283	53	29	0	1044	1202	1077	1235	3.33e-08	54.7
ERR1136663_Contig_39456_37.6443:1.1333	ERR1136663_Contig_83956_6.40386:1.1159	42.857	56	32	0	1005	1172	384	217	2.24e-07	51.9
ERR1136663_Contig_39456_37.6443:1.1333	ERR1136663_Contig_73025_5.55074:1.1104	42.308	52	30	0	996	1151	725	570	3.08e-07	51.5
ERR1136663_Contig_39456_37.6443:1.1333	ERR1136663_Contig_42094_5.41447:1.1236	36.842	57	36	0	990	1160	1027	857	7.99e-07	50.1
ERR1136663_Contig_29784_7.28297:1.1476	ERR1136663_Contig_29087_13.3161:1.1431	40.000	70	42	0	1369	1160	560	769	5.31e-16	57.5
ERR1136663_Contig_26549_9.41983:1.1735	ERR1110319_Contig_86334_8.92419:1.1260	25.234	107	80	0	863	1183	322	642	6.06e-10	58.3
ERR1136663_Contig_54575_5.74691:1.1474	ERR1136663_Contig_27571_5.84117:1.1147	26.087	92	68	0	133	408	642	367	1.53e-08	56.0
ERR1136663_Contig_64080_9.71282:1.1775	ERR1136663_Contig_10454_11.3712:1.1165	44.961	129	71	0	931	1317	501	887	2.62e-69	161
ERR1136663_Contig_64080_9.71282:1.1775	ERR1136663_Contig_72910_14.2456:1.1148	47.154	123	65	0	1384	1752	3	371	3.87e-34	141
ERR1136663_Contig_61837_8.29531:1.1300	ERR1136663_Contig_53677_9.33222:1.1519	37.500	56	35	0	1262	1095	1346	1513	2.36e-08	55.1
ERR1136663_Contig_59950_7.64756:1.1067	ERR1136663_Contig_66295_6.82601:1.1135	43.636	55	31	0	106	270	282	446	7.40e-17	61.1
ERR1136663_Contig_64334_9.74208:1.1536	ERR1136663_Contig_16167_12.8025:1.1382	41.379	58	34	0	1114	1287	253	80	2.84e-08	55.1
ERR1136663_Contig_64334_9.74208:1.1536	ERR1136663_Contig_88351_10.7319:1.1482	53.191	47	22	0	1147	1287	1470	1330	1.01e-07	53.3
ERR1136663_Contig_64334_9.74208:1.1536	ERR1136663_Contig_78154_12.1256:1.1079	47.826	46	24	0	1150	1287	16	153	1.39e-07	52.8
ERR1136663_Contig_63351_40.5557:1.1357	ERR1136663_Contig_77378_36.6225:1.1069	75.556	45	11	0	1218	1352	1049	915	4.42e-18	87.5
ERR1136663_Contig_66295_6.82601:1.1135	ERR1136663_Contig_59950_7.64756:1.1067	43.636	55	31	0	282	446	106	270	7.87e-17	61.1
ERR1136663_Contig_71045_6.33597:1.1157	ERR1136663_Contig_40757_6.87888:1.1597	69.231	26	8	0	1105	1028	1288	1211	7.12e-19	53.8
ERR1136663_Contig_991_10.7063:1.2199	ERR1121433_Contig_64973_7.23086:1.1679	32.432	185	125	0	930	1484	719	1273	7.19e-51	130
ERR1136663_Contig_991_10.7063:1.2199	ERR1136607_Contig_77628_7.18231:1.2225	34.118	85	56	0	1230	1484	3	257	8.49e-13	70.7
ERR1136663_Contig_19994_13.684:1.1384	ERR1136663_Contig_3943_11.64:1.2092	76.404	89	21	0	1204	938	1145	1411	1.72e-72	168
ERR1136663_Contig_19994_13.684:1.1384	ERR1136610_Contig_31083_7.57143:1.1056	80.000	95	19	0	1303	1019	744	1028	1.34e-55	202
ERR1136663_Contig_23907_9.55941:1.1434	ERR1136663_Contig_4807_30.8332:1.1639	38.168	131	81	0	334	726	298	690	4.96e-68	133
ERR1136663_Contig_23907_9.55941:1.1434	ERR1136663_Contig_86284_9.70554:1.1212	51.163	86	42	0	340	597	327	584	7.96e-58	122
ERR1136663_Contig_23907_9.55941:1.1434	ERR1136663_Contig_88177_8.39658:1.1074	37.288	59	37	0	364	540	882	706	2.04e-18	60.2
ERR1136663_Contig_41367_6.0442:1.1762	ERR1136663_Contig_65532_30.9263:1.1459	44.000	75	42	0	1143	1367	229	5	4.70e-32	88.1
ERR1136663_Contig_41367_6.0442:1.1762	ERR1136663_Contig_67999_33.0392:1.1500	60.656	61	24	0	1416	1598	18	200	3.55e-17	84.9
ERR1136663_Contig_18547_11.9899:1.1503	ERR1136663_Contig_39346_12.8773:1.1308	43.478	46	26	0	155	18	1142	1279	4.00e-08	54.6
ERR1136663_Contig_54795_35.5746:1.1635	ERR1136663_Contig_69178_4.29337:1.1121	41.429	140	82	0	2	421	825	406	9.94e-31	129
ERR1136663_Contig_3943_11.64:1.2092	ERR1110319_Contig_81650_9.76267:1.1204	49.167	120	61	0	661	1020	425	66	2.98e-75	145
ERR1136663_Contig_3943_11.64:1.2092	ERR1136663_Contig_19994_13.684:1.1384	76.404	89	21	0	1145	1411	1204	938	2.68e-72	168
ERR1136663_Contig_3943_11.64:1.2092	ERR1136610_Contig_31083_7.57143:1.1056	61.290	62	24	0	1145	1330	843	1028	3.50e-31	100
ERR1136663_Contig_3005_6.86018:1.1243	ERR1136663_Contig_88894_6.22032:1.1014	36.986	73	46	0	952	1170	161	379	8.77e-12	56.4
ERR1136663_Contig_64231_6.40818:1.1120	ERR1136663_Contig_81614_6.87643:1.1598	37.333	75	47	0	181	405	1371	1595	4.43e-14	73.9
ERR1136663_Contig_16461_8.49076:1.1697	ERR1121393_Contig_7140_13.059:1.1885	59.375	64	26	0	803	994	1083	1274	1.27e-36	90.9
ERR1136663_Contig_52253_10.5746:1.3081	ERR1136663_Contig_60657_9.62608:1.1408	54.545	363	165	0	1991	3079	318	1406	6.35e-141	496
ERR1136663_Contig_52253_10.5746:1.3081	ERR1136610_Contig_1999_7.83662:1.1642	61.702	47	18	0	2843	2983	629	489	2.86e-65	72.1
ERR1136663_Contig_87996_16.8886:1.1663	ERR1136663_Contig_7657_7.91113:1.1539	68.217	258	82	0	888	1661	263	1036	2.06e-127	451
ERR1136663_Contig_78154_12.1256:1.1079	ERR1136663_Contig_64334_9.74208:1.1536	47.826	46	24	0	16	153	1150	1287	9.40e-08	52.8
ERR1136663_Contig_69463_15.787:1.1344	ERR1136613_Contig_29062_8.82074:1.4455	37.815	119	74	0	257	613	2098	1742	1.20e-23	105
ERR1136663_Contig_34444_9.64316:1.1892	ERR1136607_Contig_2362_39.2597:1.4698	30.667	75	52	0	141	365	4698	4474	4.87e-08	54.7
ERR1136663_Contig_86348_8.87744:1.1252	ERR1136663_Contig_33459_10.6929:1.2703	37.624	101	63	0	483	785	2505	2203	7.40e-26	93.9
ERR1136663_Contig_86348_8.87744:1.1252	ERR1136663_Contig_81284_7.63154:1.1225	46.575	73	39	0	888	1106	1191	973	3.00e-15	78.0
ERR1136663_Contig_86348_8.87744:1.1252	ERR1136663_Contig_11899_8.20497:1.1308	41.270	63	37	0	9	197	1212	1024	2.82e-11	64.8
ERR1136663_Contig_83956_6.40386:1.1159	ERR1136663_Contig_12612_4.63876:1.1346	39.806	103	62	0	525	217	1019	1327	1.40e-19	92.3
ERR1136663_Contig_83956_6.40386:1.1159	ERR1136663_Contig_60321_32.2602:1.1588	36.111	72	46	0	471	256	483	698	1.92e-11	65.2
ERR1136663_Contig_83956_6.40386:1.1159	ERR1136663_Contig_21001_35.9877:1.2137	41.935	62	36	0	423	238	1952	2137	4.99e-11	63.8
ERR1136663_Contig_83956_6.40386:1.1159	ERR1136663_Contig_27422_33.6885:1.1487	40.909	66	39	0	417	220	1005	1202	8.70e-10	59.7
ERR1136663_Contig_83956_6.40386:1.1159	ERR1136663_Contig_34968_4.13247:1.1024	26.891	119	87	0	549	193	505	149	8.52e-09	53.3
ERR1136663_Contig_83956_6.40386:1.1159	ERR1136663_Contig_73025_5.55074:1.1104	32.468	77	52	0	375	145	707	477	3.93e-08	54.2
ERR1136663_Contig_83956_6.40386:1.1159	ERR1136663_Contig_39456_37.6443:1.1333	42.857	56	32	0	384	217	1005	1172	1.92e-07	51.9
ERR1136663_Contig_33670_10.4917:1.2316	ERR1136663_Contig_27319_5.57101:1.1386	32.456	114	77	0	343	2	527	186	1.95e-29	81.7
ERR1136663_Contig_11899_8.20497:1.1308	ERR1136663_Contig_33459_10.6929:1.2703	45.818	275	149	0	1308	484	2172	1348	4.84e-128	281
ERR1136663_Contig_11899_8.20497:1.1308	ERR1136663_Contig_85776_7.8325:1.1017	33.871	124	82	0	444	73	298	669	9.53e-21	84.6
ERR1136663_Contig_11899_8.20497:1.1308	ERR1136663_Contig_86348_8.87744:1.1252	41.270	63	37	0	1212	1024	9	197	2.63e-11	65.0
ERR1136663_Contig_82065_15.3842:1.1225	ERR1136607_Contig_25073_5.91056:1.1261	32.353	68	46	0	879	1082	876	1079	1.98e-12	53.4
ERR1136663_Contig_4348_6.10482:1.1909	ERR1136607_Contig_69992_5.21958:1.1154	98.698	384	5	0	580	1731	2	1153	0.0	859
ERR1136663_Contig_4348_6.10482:1.1909	ERR1136607_Contig_17108_6.23256:1.1138	99.438	178	1	0	1	534	604	1137	1.38e-113	405
ERR1136663_Contig_19040_10.0628:1.1231	ERR1136663_Contig_39146_12.8038:1.1442	42.857	42	24	0	756	881	685	560	1.00e-08	51.0
ERR1136663_Contig_7657_7.91113:1.1539	ERR1136663_Contig_87996_16.8886:1.1663	68.898	254	79	0	275	1036	900	1661	3.58e-127	450
ERR1136663_Contig_53677_9.33222:1.1519	ERR1136663_Contig_61837_8.29531:1.1300	37.500	56	35	0	1346	1513	1262	1095	2.88e-08	55.1
ERR1136663_Contig_39346_12.8773:1.1308	ERR1136663_Contig_18547_11.9899:1.1503	43.478	46	26	0	1142	1279	155	18	3.27e-08	54.7
ERR1136663_Contig_73025_5.55074:1.1104	ERR1136663_Contig_21001_35.9877:1.2137	37.179	78	49	0	869	636	1412	1645	1.56e-12	62.0
ERR1136663_Contig_73025_5.55074:1.1104	ERR1136663_Contig_83956_6.40386:1.1159	32.468	77	52	0	707	477	375	145	3.71e-08	54.2
ERR1136663_Contig_73025_5.55074:1.1104	ERR1136663_Contig_42094_5.41447:1.1236	32.203	59	40	0	746	570	1042	866	9.63e-08	52.8
ERR1136663_Contig_73025_5.55074:1.1104	ERR1136663_Contig_39456_37.6443:1.1333	42.308	52	30	0	725	570	996	1151	2.50e-07	51.5
ERR1136663_Contig_77378_36.6225:1.1069	ERR1136663_Contig_63351_40.5557:1.1357	75.556	45	11	0	1049	915	1218	1352	3.06e-18	87.7
ERR1136663_Contig_71632_8.1382:1.1033	ERR1136607_Contig_20115_36.399:1.1416	53.125	96	45	0	1031	744	288	1	7.46e-30	126
ERR1136663_Contig_68761_6.187:1.1405	ERR1136663_Contig_17866_6.09882:1.1204	47.727	88	46	0	913	1176	905	1168	1.86e-56	104
ERR1136663_Contig_68198_10.4411:1.2874	ERR1136607_Contig_25081_37.5552:1.1407	84.589	292	45	0	1857	2732	266	1141	0.0	609
ERR1136663_Contig_35648_8.47451:1.1491	ERR1136663_Contig_26891_37.9866:1.4576	37.681	69	43	0	743	537	2234	2440	3.05e-14	61.1
ERR1136663_Contig_35648_8.47451:1.1491	ERR1136663_Contig_55352_7.89428:1.1051	35.616	73	47	0	860	642	282	500	1.94e-12	55.6
ERR1136663_Contig_24803_8.13457:1.2606	ERR1136663_Contig_33788_9.04038:1.2249	36.458	96	61	0	1867	2154	1499	1786	1.41e-51	70.2
ERR1136663_Contig_24803_8.13457:1.2606	ERR1136663_Contig_13601_8.38095:1.1259	44.068	59	33	0	2329	2505	1050	1226	2.40e-22	64.2
ERR1136663_Contig_24803_8.13457:1.2606	ERR1110319_Contig_87254_10.4436:1.1713	32.099	81	55	0	1930	2172	826	584	5.84e-17	56.9
ERR1136663_Contig_24803_8.13457:1.2606	ERR1121418_Contig_50822_9.20101:1.1806	26.812	138	101	0	148	561	1133	1546	2.33e-10	62.9
ERR1136663_Contig_79723_5.92837:1.1109	ERR1136607_Contig_14484_4.81916:1.1043	99.145	117	1	0	3	353	691	1041	1.97e-72	267
ERR1136663_Contig_79723_5.92837:1.1109	ERR1121433_Contig_4839_6.21543:1.1148	64.286	168	60	0	69	572	507	4	6.49e-67	249
ERR1136663_Contig_71631_9.62157:1.1114	ERR1136663_Contig_8100_8.34012:1.1052	33.735	83	55	0	606	358	653	901	1.75e-09	58.6
ERR1136663_Contig_197_5.38648:1.1218	ERR1136663_Contig_34959_7.05061:1.1838	52.344	128	61	0	835	1218	774	1157	8.95e-62	157
ERR1136663_Contig_197_5.38648:1.1218	ERR1136663_Contig_10971_5.7442:1.1486	31.818	88	60	0	760	1023	1222	1485	2.73e-21	55.6
ERR1136663_Contig_66203_6.28949:1.1875	ERR1136663_Contig_64649_8.46626:1.1339	41.509	53	31	0	199	357	83	241	2.56e-08	55.6
ERR1136663_Contig_64010_11.3345:1.1123	ERR1136663_Contig_78914_10.7326:1.1916	71.053	76	22	0	234	461	50	277	1.95e-92	140
ERR1136663_Contig_2268_8.68905:1.1107	ERR1136663_Contig_6432_5.5798:1.1129	44.330	97	54	0	22	312	771	1061	5.54e-21	96.8
ERR1136663_Contig_2268_8.68905:1.1107	ERR1136663_Contig_87701_5.08844:1.1015	37.113	97	61	0	22	312	496	206	6.85e-15	74.4
ERR1136663_Contig_29984_7.08301:1.1056	ERR1110319_Contig_39694_52.9829:1.1130	61.714	175	67	0	3	527	526	1050	1.60e-66	248
ERR1136663_Contig_83116_10.0324:1.3104	ERR1136607_Contig_3044_36.1548:1.2688	67.347	98	32	0	580	873	130	423	1.93e-87	165
ERR1136663_Contig_83116_10.0324:1.3104	ERR1136607_Contig_78680_41.7332:1.1482	53.704	54	25	0	3	164	1243	1404	1.32e-13	73.9
ERR1136663_Contig_5518_8.21589:1.1669	ERR1136613_Contig_8699_5.98121:1.1031	43.617	94	53	0	677	958	779	498	3.24e-57	105
ERR1136663_Contig_73421_6.00999:1.1321	ERR1136663_Contig_31031_4.59644:1.1031	33.333	63	42	0	393	205	868	680	8.11e-20	53.8
ERR1136663_Contig_84774_10.1678:1.2058	ERR1136663_Contig_87377_11.617:1.1827	83.673	49	8	0	1911	2057	148	2	6.40e-72	104
ERR1136663_Contig_86017_10.0564:1.1031	ERR1136663_Contig_76607_6.70151:1.1015	56.452	124	54	0	628	999	615	986	1.61e-60	172
ERR1136663_Contig_86017_10.0564:1.1031	ERR1136663_Contig_28808_13.0548:1.2848	34.921	63	41	0	667	855	833	1021	3.20e-07	51.0
ERR1136663_Contig_61783_12.532:1.1334	ERR1136663_Contig_36181_11.9492:1.1043	40.278	72	43	0	934	1149	614	829	5.42e-14	64.7
ERR1136663_Contig_33228_5.78752:1.1366	ERR1136663_Contig_53789_9.36058:1.3054	29.808	104	73	0	4	315	1977	2288	1.82e-12	68.9
ERR1136663_Contig_33228_5.78752:1.1366	ERR1136663_Contig_54745_5.88077:1.1060	25.962	104	77	0	4	315	315	626	8.90e-08	53.3
ERR1136663_Contig_19605_6.19552:1.1135	ERR1136663_Contig_86728_7.85984:1.2403	51.765	85	41	0	777	1031	804	1058	5.61e-63	115
ERR1136663_Contig_18224_5.60469:1.1639	ERR1136663_Contig_8444_6.18941:1.1134	57.576	33	14	0	1556	1458	772	870	6.64e-15	58.8
ERR1136663_Contig_18224_5.60469:1.1639	ERR1136613_Contig_49559_6.44703:1.2172	51.111	45	22	0	1487	1353	2167	2033	1.96e-08	55.6
ERR1136663_Contig_10454_11.3712:1.1165	ERR1136663_Contig_64080_9.71282:1.1775	44.961	129	71	0	501	887	931	1317	3.24e-61	133
ERR1136663_Contig_10454_11.3712:1.1165	ERR1136663_Contig_72910_14.2456:1.1148	47.945	73	38	0	945	1163	3	221	1.64e-21	98.7
ERR1136663_Contig_57223_9.942:1.1089	ERR1136607_Contig_53773_30.3604:1.1646	92.093	215	17	0	646	2	1575	931	1.40e-140	494
ERR1136663_Contig_85619_11.8213:1.1195	ERR1136663_Contig_78156_11.4014:1.2514	50.476	105	52	0	799	485	895	581	9.85e-96	141
ERR1136663_Contig_33788_9.04038:1.2249	ERR1136663_Contig_24803_8.13457:1.2606	36.458	96	61	0	1499	1786	1867	2154	6.24e-53	70.3
ERR1136663_Contig_33788_9.04038:1.2249	ERR1136663_Contig_13601_8.38095:1.1259	27.922	154	111	0	1499	1960	591	1052	1.29e-22	81.7
ERR1136663_Contig_33788_9.04038:1.2249	ERR1121418_Contig_50822_9.20101:1.1806	32.759	58	39	0	2	175	1406	1579	1.01e-19	55.6
ERR1136663_Contig_33788_9.04038:1.2249	ERR1110319_Contig_87254_10.4436:1.1713	23.404	141	108	0	1544	1966	844	422	3.77e-19	72.5
ERR1136663_Contig_10186_9.80098:1.3879	ERR1121418_Contig_6159_8.20826:1.1158	37.113	97	61	0	1564	1274	776	486	1.76e-64	96.8
ERR1136663_Contig_71521_7.73145:1.1759	ERR1110319_Contig_36528_5.66583:1.1615	32.308	65	44	0	931	737	591	785	2.34e-21	56.5
ERR1136663_Contig_81614_6.87643:1.1598	ERR1136663_Contig_64231_6.40818:1.1120	37.333	75	47	0	1371	1595	181	405	6.53e-14	73.9
ERR1136663_Contig_34385_5.37373:1.1200	ERR1136663_Contig_17341_11.5892:1.1775	42.105	76	44	0	727	500	1121	894	1.53e-10	58.3
ERR1136663_Contig_65504_7.97397:1.1134	ERR1136663_Contig_2259_8.96015:1.1827	75.817	153	37	0	574	1032	573	1031	3.20e-91	305
ERR1136663_Contig_85776_7.8325:1.1017	ERR1136663_Contig_33459_10.6929:1.2703	33.333	84	56	0	286	537	1314	1063	7.50e-26	53.3
ERR1136663_Contig_85776_7.8325:1.1017	ERR1136663_Contig_11899_8.20497:1.1308	33.871	124	82	0	298	669	444	73	5.22e-21	84.9
ERR1136663_Contig_55855_15.9906:1.1087	ERR1110319_Contig_5002_5.64607:1.1509	36.232	138	88	0	84	497	1094	1507	2.09e-29	124
ERR1136663_Contig_63392_11.6798:1.1647	ERR1136663_Contig_13301_8.8518:1.1545	48.980	49	25	0	1463	1609	759	905	3.18e-16	57.3
ERR1136663_Contig_52285_5.99005:1.1226	ERR1136663_Contig_76986_9.90151:1.1411	54.455	101	46	0	380	682	552	854	9.23e-131	142
ERR1136663_Contig_44769_7.90656:1.1133	ERR1136663_Contig_43184_9.53132:1.1744	33.784	74	49	0	47	268	456	235	6.16e-10	60.2
ERR1136663_Contig_44769_7.90656:1.1133	ERR1136663_Contig_12005_8.74251:1.1022	31.169	77	53	0	26	256	561	791	1.60e-09	58.8
ERR1136663_Contig_70557_9.6559:1.1165	ERR1136663_Contig_26352_8.8527:1.1466	36.066	61	39	0	982	1164	422	240	4.80e-19	61.3
ERR1136663_Contig_70557_9.6559:1.1165	ERR1136663_Contig_17781_9.12025:1.1126	29.870	77	54	0	211	441	949	719	8.09e-16	59.1
ERR1136663_Contig_70557_9.6559:1.1165	ERR1136663_Contig_4807_30.8332:1.1639	30.588	85	59	0	256	510	334	588	7.39e-15	56.8
ERR1136663_Contig_70557_9.6559:1.1165	ERR1136663_Contig_86284_9.70554:1.1212	30.769	65	45	0	256	450	357	551	3.53e-09	57.7
ERR1136663_Contig_70557_9.6559:1.1165	ERR1136663_Contig_71755_9.96169:1.1012	22.115	104	81	0	247	558	829	518	4.83e-09	57.3
ERR1136663_Contig_70557_9.6559:1.1165	ERR1136663_Contig_73649_10.235:1.2501	33.929	56	37	0	997	1164	798	965	7.30e-07	50.0
ERR1136663_Contig_25123_10.6219:1.1271	ERR1136663_Contig_26874_28.8554:1.2538	44.681	47	26	0	1190	1050	161	301	3.17e-08	54.7
ERR1136663_Contig_86127_9.60655:1.1395	ERR1136663_Contig_87164_9.74414:1.2197	44.000	75	42	0	307	531	1265	1489	1.43e-27	85.8
ERR1136663_Contig_40757_6.87888:1.1597	ERR1136663_Contig_71045_6.33597:1.1157	69.231	26	8	0	1288	1211	1105	1028	1.05e-18	53.8
ERR1136663_Contig_73791_11.2668:1.1437	ERR1136663_Contig_73649_10.235:1.2501	37.143	70	44	0	531	740	1647	1856	3.20e-14	51.9
ERR1136663_Contig_13386_11.9731:1.1768	ERR1136663_Contig_44691_11.389:1.1146	61.628	86	33	0	81	338	636	893	2.52e-35	131
ERR1136663_Contig_23100_11.8875:1.1078	ERR1136663_Contig_23061_9.79526:1.1202	56.522	115	50	0	576	920	97	441	1.28e-65	172
ERR1136663_Contig_17781_9.12025:1.1126	ERR1136663_Contig_70557_9.6559:1.1165	29.870	77	54	0	949	719	211	441	8.56e-16	59.0
ERR1136663_Contig_17781_9.12025:1.1126	ERR1136663_Contig_86284_9.70554:1.1212	34.375	64	42	0	907	716	354	545	1.26e-08	55.8
ERR1136663_Contig_13301_8.8518:1.1545	ERR1136663_Contig_63392_11.6798:1.1647	48.980	49	25	0	759	905	1463	1609	1.48e-16	57.9
ERR1136663_Contig_88621_8.31648:1.1325	ERR1121433_Contig_56904_14.2856:1.2107	51.163	43	21	0	184	312	281	409	6.26e-08	53.8
ERR1136663_Contig_27124_7.88214:1.1700	ERR1136607_Contig_43749_36.677:1.1958	60.494	243	96	0	6	734	812	1540	8.49e-128	363
ERR1136663_Contig_27124_7.88214:1.1700	ERR1136607_Contig_67922_37.1909:1.3530	52.273	44	21	0	1168	1299	18	149	4.45e-35	66.6
ERR1136663_Contig_70418_6.86922:1.1014	ERR1136663_Contig_71214_7.15129:1.1223	47.368	38	20	0	853	966	577	464	1.80e-08	55.1
ERR1136663_Contig_70755_10.9675:1.1867	ERR1136663_Contig_51688_10.4318:1.1486	42.000	50	29	0	791	940	1162	1013	2.54e-08	55.6
ERR1136663_Contig_29729_6.25842:1.1030	ERR1136663_Contig_61530_6.51568:1.1104	69.811	106	32	0	531	214	285	602	2.32e-47	184
ERR1136663_Contig_25247_8.39607:1.1242	ERR1136607_Contig_59309_37.7722:1.2785	32.258	62	42	0	896	1081	1703	1888	2.16e-21	56.0
ERR1136663_Contig_14108_11.4417:1.1691	ERR1136663_Contig_3374_29.5467:1.2643	34.848	66	43	0	51	248	864	1061	1.31e-09	59.7
ERR1136663_Contig_27319_5.57101:1.1386	ERR1136663_Contig_33670_10.4917:1.2316	32.456	114	77	0	527	186	343	2	1.08e-29	81.7
ERR1136663_Contig_59780_5.74033:1.1106	ERR1136663_Contig_36990_6.37443:1.1123	66.216	74	25	0	884	1105	233	12	2.35e-128	128
ERR1136663_Contig_88894_6.22032:1.1014	ERR1136663_Contig_59145_6.9424:1.1027	50.000	58	29	0	476	649	586	759	9.53e-25	70.7
ERR1136663_Contig_88894_6.22032:1.1014	ERR1136663_Contig_70425_7.62491:1.1425	42.553	47	27	0	722	862	1046	906	1.56e-15	58.3
ERR1136663_Contig_88894_6.22032:1.1014	ERR1136663_Contig_3005_6.86018:1.1243	36.986	73	46	0	161	379	952	1170	2.68e-12	57.4
ERR1136663_Contig_36990_6.37443:1.1123	ERR1136663_Contig_59780_5.74033:1.1106	76.577	111	26	0	1109	777	2	334	2.20e-153	222
ERR1136663_Contig_9321_5.77074:1.1551	ERR1110319_Contig_85201_56.7172:1.1102	36.782	87	55	0	159	419	177	437	1.32e-14	76.2
ERR1136663_Contig_20404_7.16587:1.1907	ERR1136663_Contig_80171_8.94909:1.1277	47.368	38	20	0	1149	1262	1109	1222	2.24e-11	50.1
ERR1136663_Contig_76986_9.90151:1.1411	ERR1136663_Contig_52285_5.99005:1.1226	60.465	172	68	0	339	854	167	682	2.47e-135	235
ERR1136663_Contig_61164_8.56669:1.1437	ERR1121418_Contig_47622_6.91512:1.1045	67.769	121	39	0	1	363	140	502	2.47e-104	198
ERR1136663_Contig_62728_9.21304:1.1569	ERR1136663_Contig_78156_11.4014:1.2514	73.913	23	6	0	152	84	71	3	2.67e-07	51.9
ERR1136663_Contig_8468_8.16594:1.2075	ERR1110319_Contig_41976_45.164:1.1252	32.292	96	65	0	196	483	142	429	4.37e-19	76.2
ERR1136663_Contig_42094_5.41447:1.1236	ERR1136663_Contig_16020_5.28959:1.1384	33.871	62	41	0	1051	866	474	659	1.76e-09	58.8
ERR1136663_Contig_42094_5.41447:1.1236	ERR1136663_Contig_73025_5.55074:1.1104	29.487	78	55	0	1234	1001	1007	774	1.63e-08	55.6
ERR1136663_Contig_42094_5.41447:1.1236	ERR1136663_Contig_66803_30.939:1.2380	28.571	63	45	0	1039	851	845	1033	1.02e-07	50.6
ERR1136663_Contig_42094_5.41447:1.1236	ERR1136663_Contig_39456_37.6443:1.1333	36.842	57	36	0	1027	857	990	1160	7.35e-07	50.1
ERR1136663_Contig_6066_6.8147:1.1299	ERR1136663_Contig_6376_6.01469:1.1177	76.667	30	7	0	2	91	141	230	4.87e-25	68.0
ERR1136663_Contig_75288_6.75402:1.1638	ERR1136613_Contig_71349_9.81079:1.1151	56.667	90	39	0	860	591	884	615	5.65e-55	134
ERR1136663_Contig_17866_6.09882:1.1204	ERR1136663_Contig_68761_6.187:1.1405	47.727	88	46	0	905	1168	913	1176	8.83e-57	104
ERR1136663_Contig_17866_6.09882:1.1204	ERR1136663_Contig_70425_7.62491:1.1425	37.313	67	42	0	1004	1204	1343	1143	5.20e-11	63.8
ERR1136663_Contig_76607_6.70151:1.1015	ERR1136663_Contig_86017_10.0564:1.1031	56.452	124	54	0	615	986	628	999	2.00e-60	172
ERR1136663_Contig_76607_6.70151:1.1015	ERR1136613_Contig_599_10.2993:1.2409	30.588	85	59	0	552	806	1697	1951	5.71e-15	65.1
ERR1136663_Contig_76607_6.70151:1.1015	ERR1136663_Contig_28808_13.0548:1.2848	27.660	94	68	0	561	842	740	1021	1.72e-13	64.7
ERR1136663_Contig_55894_4.57708:1.1032	ERR1136663_Contig_66803_30.939:1.2380	32.632	95	64	0	723	1007	695	979	1.08e-19	65.6
ERR1136663_Contig_79105_6.06512:1.1187	ERR1136607_Contig_66810_28.5269:1.2290	99.643	280	1	0	346	1185	599	1438	0.0	676
ERR1136663_Contig_86284_9.70554:1.1212	ERR1136663_Contig_23907_9.55941:1.1434	51.163	86	42	0	327	584	340	597	3.65e-57	121
ERR1136663_Contig_86284_9.70554:1.1212	ERR1136663_Contig_4807_30.8332:1.1639	45.977	87	47	0	318	578	295	555	2.06e-46	110
ERR1136663_Contig_86284_9.70554:1.1212	ERR1136663_Contig_88177_8.39658:1.1074	40.678	59	35	0	351	527	882	706	1.98e-15	70.6
ERR1136663_Contig_86284_9.70554:1.1212	ERR1136663_Contig_71755_9.96169:1.1012	33.333	66	44	0	354	551	823	626	4.75e-10	60.7
ERR1136663_Contig_86284_9.70554:1.1212	ERR1136663_Contig_70557_9.6559:1.1165	30.769	65	45	0	357	551	256	450	4.23e-09	57.5
ERR1136663_Contig_86284_9.70554:1.1212	ERR1136663_Contig_17781_9.12025:1.1126	34.375	64	42	0	354	545	907	716	1.48e-08	55.7
ERR1136663_Contig_86284_9.70554:1.1212	ERR1136663_Contig_26352_8.8527:1.1466	29.885	87	61	0	354	614	1175	915	3.78e-08	54.3
ERR1136663_Contig_86284_9.70554:1.1212	ERR1136663_Contig_51282_31.3103:1.1296	27.536	69	50	0	390	596	1080	874	4.61e-07	50.7
ERR1136663_Contig_6432_5.5798:1.1129	ERR1136663_Contig_87701_5.08844:1.1015	40.881	159	94	0	648	1124	556	80	2.55e-35	144
ERR1136663_Contig_6432_5.5798:1.1129	ERR1136663_Contig_2268_8.68905:1.1107	44.330	97	54	0	771	1061	22	312	5.66e-21	96.8
ERR1136663_Contig_34602_8.29583:1.1122	ERR1136663_Contig_34604_10.9246:1.1055	35.000	100	65	0	1122	823	632	931	1.71e-14	75.3
ERR1136663_Contig_26782_4.54116:1.1016	ERR1136607_Contig_43882_5.62127:1.1026	54.878	82	37	0	769	1014	634	879	1.36e-23	105
ERR1136663_Contig_69178_4.29337:1.1121	ERR1136663_Contig_54795_35.5746:1.1635	41.429	140	82	0	825	406	2	421	6.59e-31	129
ERR1136663_Contig_55352_7.89428:1.1051	ERR1136663_Contig_35648_8.47451:1.1491	35.616	73	47	0	282	500	860	642	1.29e-12	55.6
ERR1136663_Contig_55352_7.89428:1.1051	ERR1136663_Contig_26891_37.9866:1.4576	40.000	50	30	0	627	776	2252	2401	3.79e-12	50.6
ERR1136663_Contig_57757_8.94505:1.1221	ERR1136663_Contig_69781_10.8791:1.2634	31.325	83	57	0	735	487	2146	2394	2.17e-08	55.2
ERR1136663_Contig_64116_6.59793:1.1082	ERR1136663_Contig_36234_7.36786:1.1999	45.783	83	45	0	90	338	1417	1665	8.04e-18	86.3
ERR1136663_Contig_32924_4.64632:1.1052	ERR1110319_Contig_66923_5.31369:1.1700	100.000	302	0	0	1052	147	1182	277	0.0	671
ERR1136663_Contig_57784_5.53721:1.1122	ERR1136607_Contig_14484_4.81916:1.1043	96.847	222	7	0	457	1122	1	666	5.02e-138	485
ERR1136663_Contig_57784_5.53721:1.1122	ERR1121433_Contig_4839_6.21543:1.1148	70.370	27	8	0	733	813	1145	1065	2.62e-07	51.4
ERR1136663_Contig_69660_6.29252:1.1090	ERR1136607_Contig_9960_33.3668:1.1176	73.684	38	10	0	18	131	120	7	8.78e-15	76.2
ERR1136663_Contig_75985_6.42718:1.1455	ERR1136607_Contig_63438_5.09637:1.1151	97.241	290	8	0	3	872	241	1110	0.0	658
ERR1136663_Contig_6376_6.01469:1.1177	ERR1136663_Contig_6066_6.8147:1.1299	76.667	30	7	0	141	230	2	91	4.36e-25	68.0
ERR1136663_Contig_34968_4.13247:1.1024	ERR1136663_Contig_12612_4.63876:1.1346	40.506	79	47	0	421	185	1079	1315	1.23e-13	72.3
ERR1136663_Contig_34968_4.13247:1.1024	ERR1136663_Contig_60321_32.2602:1.1588	34.118	85	56	0	448	194	903	1157	1.95e-11	65.0
ERR1136663_Contig_34968_4.13247:1.1024	ERR1136663_Contig_39456_37.6443:1.1333	44.231	52	29	0	385	230	1029	1184	3.08e-09	57.7
ERR1136663_Contig_34968_4.13247:1.1024	ERR1136663_Contig_12781_11.1501:1.1026	31.646	79	54	0	418	182	573	337	5.80e-09	56.8
ERR1136663_Contig_34968_4.13247:1.1024	ERR1136663_Contig_27422_33.6885:1.1487	34.848	66	43	0	421	224	1026	1223	1.00e-07	52.7
ERR1136663_Contig_34968_4.13247:1.1024	ERR1136663_Contig_66803_30.939:1.2380	41.071	56	33	0	385	218	896	1063	1.89e-07	51.8
ERR1136663_Contig_17787_5.58077:1.1091	ERR1110319_Contig_62743_51.4489:1.1586	99.714	350	1	0	3	1052	537	1586	0.0	743
ERR1136663_Contig_1927_5.51784:1.1113	ERR1136663_Contig_27800_13.3303:1.3468	40.625	64	38	0	677	868	2211	2402	7.94e-20	60.2
ERR1136663_Contig_49844_6.9259:1.1302	ERR1136663_Contig_12059_5.71237:1.1661	42.748	131	75	0	484	876	6	398	9.27e-38	119
ERR1136663_Contig_51240_8.62959:1.1000	ERR1136663_Contig_7559_6.22917:1.1172	45.763	59	32	0	804	980	937	1113	4.01e-12	67.2
ERR1136663_Contig_20714_9.79765:1.1043	ERR1136663_Contig_67267_6.15447:1.1004	42.000	200	116	0	319	918	942	343	2.54e-56	214
ERR1136663_Contig_27571_5.84117:1.1147	ERR1136663_Contig_54575_5.74691:1.1474	26.087	92	68	0	642	367	133	408	1.09e-08	56.1
ERR1136663_Contig_71214_7.15129:1.1223	ERR1136663_Contig_70418_6.86922:1.1014	43.902	41	23	0	586	464	844	966	1.61e-08	55.6
ERR1136663_Contig_16020_5.28959:1.1384	ERR1136663_Contig_66803_30.939:1.2380	39.655	58	35	0	486	659	845	1018	9.80e-10	54.4
ERR1136663_Contig_16020_5.28959:1.1384	ERR1136663_Contig_42094_5.41447:1.1236	33.871	62	41	0	474	659	1051	866	2.44e-09	58.5
ERR1136663_Contig_16020_5.28959:1.1384	ERR1136663_Contig_78156_11.4014:1.2514	32.308	65	44	0	465	659	469	275	8.26e-09	51.7
ERR1136663_Contig_16020_5.28959:1.1384	ERR1136663_Contig_60321_32.2602:1.1588	28.409	88	63	0	396	659	1029	1292	2.04e-07	52.1
ERR1136663_Contig_52120_6.54593:1.1163	ERR1136663_Contig_73649_10.235:1.2501	35.354	99	64	0	762	1058	798	1094	5.16e-16	80.4
ERR1136663_Contig_52120_6.54593:1.1163	ERR1136663_Contig_26352_8.8527:1.1466	35.385	65	42	0	783	977	386	192	1.34e-13	61.7
ERR1136663_Contig_52120_6.54593:1.1163	ERR1136663_Contig_4807_30.8332:1.1639	39.189	74	45	0	825	1046	1222	1443	1.44e-13	67.2
ERR1136663_Contig_52120_6.54593:1.1163	ERR1136663_Contig_69531_30.7562:1.1156	34.375	64	42	0	816	1007	963	1154	7.70e-10	59.9
ERR1136663_Contig_54745_5.88077:1.1060	ERR1136663_Contig_53789_9.36058:1.3054	30.986	213	147	0	6	644	1668	2306	3.39e-58	153
ERR1136663_Contig_54745_5.88077:1.1060	ERR1121418_Contig_50822_9.20101:1.1806	39.516	124	75	0	684	1055	317	688	4.17e-30	127
ERR1136663_Contig_54745_5.88077:1.1060	ERR1136663_Contig_33228_5.78752:1.1366	32.353	68	46	0	852	1055	550	753	2.57e-18	57.4
ERR1136663_Contig_21968_6.51412:1.1720	ERR1136607_Contig_25073_5.91056:1.1261	42.424	132	76	0	1717	1322	24	419	8.35e-34	132
ERR1136663_Contig_21968_6.51412:1.1720	ERR1136663_Contig_82065_15.3842:1.1225	47.500	40	21	0	787	668	879	998	3.25e-18	50.3
ERR1136663_Contig_31031_4.59644:1.1031	ERR1136663_Contig_73421_6.00999:1.1321	33.333	63	42	0	868	680	393	205	6.18e-20	53.8
